date,CASE_COUNT,HOSPITALIZED_COUNT,DEATH_COUNT,CASE_COUNT_7DAY_AVG,HOSP_COUNT_7DAY_AVG,DEATH_COUNT_7DAY_AVG,BX_CASE_COUNT,BX_HOSPITALIZED_COUNT,BX_DEATH_COUNT,BX_CASE_COUNT_7DAY_AVG,BX_HOSPITALIZED_COUNT_7DAY_AVG,BX_DEATH_COUNT_7DAY_AVG,BK_CASE_COUNT,BK_HOSPITALIZED_COUNT,BK_DEATH_COUNT,BK_CASE_COUNT_7DAY_AVG,BK_HOSPITALIZED_COUNT_7DAY_AVG,BK_DEATH_COUNT_7DAY_AVG,MN_CASE_COUNT,MN_HOSPITALIZED_COUNT,MN_DEATH_COUNT,MN_CASE_COUNT_7DAY_AVG,MN_HOSPITALIZED_COUNT_7DAY_AVG,MN_DEATH_COUNT_7DAY_AVG,QN_CASE_COUNT,QN_HOSPITALIZED_COUNT,QN_DEATH_COUNT,QN_CASE_COUNT_7DAY_AVG,QN_HOSPITALIZED_COUNT_7DAY_AVG,QN_DEATH_COUNT_7DAY_AVG,SI_CASE_COUNT,SI_HOSPITALIZED_COUNT,SI_DEATH_COUNT,SI_CASE_COUNT_7DAY_AVG,SI_HOSPITALIZED_COUNT_7DAY_AVG,SI_DEATH_COUNT_7DAY_AVG
2020-10-01,705,41,5,514,41,5,82,7,0,58,6,1,332,22,1,227,19,2,120,5,0,72,5,0,145,6,4,122,10,1,26,1,0,34,2,0
2020-10-02,605,49,3,534,42,5,80,5,0,62,5,1,271,26,1,239,20,2,78,4,0,73,5,0,140,13,2,125,10,1,36,2,0,35,2,0
2020-10-03,299,25,5,537,41,5,34,1,1,61,5,1,93,12,1,236,20,2,57,4,0,77,5,0,98,5,2,130,10,2,17,3,1,33,2,0
2020-10-04,335,44,7,530,43,5,34,4,0,61,5,1,162,22,3,234,21,2,29,4,0,76,5,0,84,11,3,127,10,2,26,4,1,32,2,0
2020-10-05,766,56,0,577,45,5,94,10,0,63,5,1,355,25,0,265,23,2,84,2,0,79,5,0,196,17,0,139,11,2,37,2,0,31,2,0
2020-10-06,571,47,3,555,45,4,67,5,0,63,5,0,251,23,2,250,23,2,79,8,0,77,5,0,145,11,1,135,10,2,29,1,0,30,2,0
2020-10-07,542,45,4,546,44,4,75,9,1,67,6,0,223,22,1,241,22,1,75,5,1,75,5,0,132,10,1,134,10,2,37,0,0,30,2,0
2020-10-08,525,47,5,520,45,4,83,8,0,67,6,0,217,20,3,225,21,2,80,7,0,69,5,0,112,8,2,130,11,2,33,4,0,31,2,0
2020-10-09,524,54,2,509,45,4,92,6,1,68,6,0,184,29,0,212,22,1,74,4,0,68,5,0,143,13,1,130,11,1,31,3,0,30,2,0
2020-10-10,314,38,4,511,47,4,36,3,1,69,6,0,96,18,0,213,23,1,46,5,0,67,5,0,99,7,2,130,11,1,36,5,1,33,3,0
2020-10-11,281,49,7,503,48,4,38,12,2,69,8,1,115,20,2,206,22,1,29,5,2,67,5,0,85,11,1,130,11,1,14,1,0,31,2,0
2020-10-12,515,51,8,467,47,5,53,3,1,63,7,1,223,29,1,187,23,1,85,7,4,67,6,1,116,13,1,119,10,1,37,0,1,31,2,0
2020-10-13,588,49,5,470,48,5,91,9,0,67,7,1,224,18,3,183,22,1,100,2,0,70,5,1,128,16,2,116,11,1,45,5,0,33,3,0
2020-10-14,583,58,6,476,49,5,89,4,2,69,6,1,215,23,3,182,22,2,86,6,0,71,5,1,159,20,1,120,13,1,33,5,0,33,3,0
2020-10-15,604,74,8,487,53,6,91,13,1,70,7,1,239,33,2,185,24,2,90,5,2,73,5,1,144,20,3,125,14,2,40,3,0,34,3,0
2020-10-16,503,49,7,484,53,6,78,9,1,68,8,1,163,19,3,182,23,2,91,5,2,75,5,1,132,12,1,123,14,2,38,4,0,35,3,0
2020-10-17,366,35,5,491,52,7,64,7,1,72,8,1,91,9,3,181,22,2,61,4,0,77,5,1,110,9,1,125,14,1,39,6,0,35,3,0
2020-10-18,412,40,4,510,51,6,45,5,2,73,7,1,172,17,1,190,21,2,39,4,0,79,5,1,123,11,0,130,14,1,33,3,1,38,4,0
2020-10-19,626,68,7,526,53,6,107,10,0,81,8,1,204,26,6,187,21,3,101,11,0,81,5,1,178,18,0,139,15,1,36,4,1,38,4,0
2020-10-20,601,73,5,528,57,6,91,9,0,81,8,1,214,33,2,185,23,3,104,9,0,82,6,1,154,20,3,143,16,1,38,4,0,37,4,0
2020-10-21,654,53,5,538,56,6,96,10,0,82,9,1,203,19,3,184,22,3,118,4,1,86,6,1,188,12,0,147,15,1,49,8,1,39,5,0
2020-10-22,759,53,4,560,53,5,122,9,1,86,8,1,242,14,2,184,20,3,137,10,0,93,7,0,182,16,1,152,14,1,76,4,0,44,5,0
2020-10-23,601,60,5,574,55,5,115,9,1,91,8,1,199,24,1,189,20,3,78,6,1,91,7,0,161,18,1,157,15,1,48,3,1,46,5,1
2020-10-24,386,47,1,577,56,4,73,8,0,93,9,1,120,24,0,193,22,2,58,5,0,91,7,0,103,6,1,156,14,1,32,4,0,45,4,1
2020-10-25,362,44,9,570,57,5,67,8,2,96,9,1,128,23,3,187,23,2,48,3,2,92,7,1,87,7,1,150,14,1,32,3,1,44,4,1
2020-10-26,695,55,4,580,55,5,132,9,0,99,9,1,221,13,2,190,21,2,118,7,1,94,6,1,154,22,1,147,14,1,69,5,0,49,4,0
2020-10-27,742,46,8,600,51,5,119,8,3,103,9,1,237,25,3,193,20,2,129,4,1,98,6,1,180,6,1,151,12,1,76,3,0,55,4,0
2020-10-28,783,44,4,618,50,5,124,8,0,107,8,1,231,16,3,197,20,2,135,4,0,100,6,1,203,14,0,153,13,1,90,3,1,60,4,0
2020-10-29,621,59,4,599,51,5,100,11,0,104,9,1,192,22,2,190,21,2,117,9,1,98,5,1,156,12,1,149,12,1,56,5,0,58,4,0
2020-10-30,654,61,10,606,51,6,115,12,1,104,9,1,192,18,4,189,20,2,102,6,2,101,5,1,168,20,1,150,12,1,77,6,2,62,4,1
2020-10-31,403,47,4,609,51,6,65,7,0,103,9,1,117,18,2,188,19,3,52,5,0,100,5,1,117,13,2,152,13,1,52,5,0,65,4,1
2020-11-01,501,54,13,628,52,7,57,8,0,102,9,1,231,19,10,203,19,4,66,10,0,103,6,1,102,11,2,154,14,1,45,8,1,66,5,1
2020-11-02,953,64,10,665,54,8,159,14,1,106,10,1,337,22,7,220,20,4,144,8,1,106,7,1,220,18,1,164,13,1,93,3,0,70,5,1
2020-11-03,903,76,12,688,58,8,153,11,2,110,10,1,319,29,6,231,21,5,158,13,2,111,8,1,181,18,2,164,15,1,92,5,0,72,5,1
2020-11-04,1113,68,9,735,61,9,187,13,0,119,11,1,312,28,7,243,22,5,199,10,0,120,9,1,277,12,1,174,15,1,138,6,1,79,5,1
2020-11-05,1139,85,9,809,65,10,198,14,3,133,11,1,312,28,4,260,23,6,212,14,0,133,9,1,306,20,2,196,16,2,111,9,0,87,6,1
2020-11-06,1037,63,10,864,65,10,192,9,4,144,11,1,238,20,2,267,23,5,179,14,0,144,11,0,297,20,3,214,16,2,131,1,1,95,5,0
2020-11-07,845,60,13,927,67,11,134,16,1,154,12,2,224,12,5,282,23,6,148,6,2,158,11,1,250,23,4,233,17,2,89,3,1,100,5,1
2020-11-08,788,64,8,968,69,10,106,11,2,161,13,2,224,20,3,281,23,5,133,7,0,168,10,1,226,16,2,251,18,2,99,11,1,108,5,1
2020-11-09,1545,78,5,1053,71,9,240,18,0,173,13,2,418,28,1,292,24,4,268,8,0,185,10,1,417,21,4,279,19,3,202,5,0,123,6,1
2020-11-10,1599,87,7,1152,72,9,274,19,2,190,14,2,459,30,2,312,24,3,311,9,2,207,10,1,409,22,1,312,19,2,146,9,0,131,6,1
2020-11-11,1540,99,9,1213,77,9,239,23,1,198,16,2,394,13,2,324,22,3,290,17,3,220,11,1,448,29,2,336,22,3,169,18,1,135,8,1
2020-11-12,1501,79,16,1265,76,10,248,19,4,205,16,2,383,21,6,334,21,3,300,11,2,233,10,1,406,19,2,350,21,3,164,11,2,143,8,1
2020-11-13,1494,92,6,1330,80,9,272,20,1,216,18,2,356,32,2,351,22,3,263,9,1,245,10,1,430,20,1,369,21,2,173,12,1,149,10,1
2020-11-14,1026,100,9,1356,86,9,193,25,1,225,19,2,238,32,5,353,25,3,160,11,1,246,10,1,324,23,1,380,21,2,111,11,1,152,11,1
2020-11-15,896,90,14,1372,89,9,135,14,2,229,20,2,232,26,6,354,26,3,134,13,1,247,11,1,243,28,1,382,23,2,152,12,4,160,11,1
2020-11-16,1832,124,8,1413,96,10,314,24,0,239,21,2,496,34,1,365,27,3,332,15,4,256,12,2,503,44,1,395,26,1,187,10,2,157,12,2
2020-11-17,1730,102,10,1431,98,10,337,21,1,248,21,1,493,30,3,370,27,4,288,13,0,252,13,2,422,31,4,397,28,2,190,8,2,164,12,2
2020-11-18,1753,119,10,1462,101,10,307,24,0,258,21,1,468,40,4,381,31,4,336,13,0,259,12,1,445,30,4,396,28,2,197,13,2,168,11,2
2020-11-19,1857,131,9,1513,108,9,362,22,1,274,21,1,491,37,6,396,33,4,347,15,1,266,13,1,457,38,1,403,31,2,200,20,0,173,12,2
2020-11-20,1773,134,7,1552,114,10,328,24,2,282,22,1,435,40,2,408,34,4,328,18,0,275,14,1,458,36,2,407,33,2,224,17,1,180,13,2
2020-11-21,1290,119,11,1590,117,10,254,18,1,291,21,1,354,27,3,424,33,4,196,14,3,280,14,1,325,41,0,408,35,2,161,20,4,187,14,2
2020-11-22,1148,114,10,1626,120,9,183,15,4,298,21,1,340,39,1,440,35,3,159,14,0,284,15,1,287,30,4,414,36,2,178,19,1,191,15,2
2020-11-23,2317,149,13,1695,124,10,437,34,0,315,23,1,575,39,7,451,36,4,411,16,1,295,15,1,605,39,4,428,35,3,289,25,1,206,17,2
2020-11-24,2073,130,16,1744,128,11,376,19,2,321,22,1,553,39,2,459,37,4,371,12,5,307,15,1,535,42,4,445,37,3,238,19,3,212,19,2
2020-11-25,2370,138,13,1833,131,11,425,25,2,338,22,2,632,42,4,483,38,4,383,12,2,314,14,2,635,42,1,472,38,2,295,20,4,226,20,2
2020-11-26,817,154,7,1684,134,11,137,26,1,306,23,2,246,41,3,448,38,3,138,27,1,284,16,2,204,43,0,436,39,2,92,19,2,211,20,2
2020-11-27,2298,158,15,1759,137,12,387,24,1,314,23,2,603,46,3,472,39,3,386,25,2,292,17,2,649,38,4,463,39,2,273,27,5,218,21,3
2020-11-28,1839,126,13,1837,138,12,333,21,4,325,23,2,453,33,3,486,40,3,329,19,3,311,18,2,509,42,2,489,39,3,215,12,1,226,20,2
2020-11-29,1891,166,15,1944,146,13,244,31,3,334,26,2,562,44,3,518,41,4,299,19,1,331,19,2,506,48,4,520,42,3,280,24,4,240,21,3
2020-11-30,2895,187,18,2026,151,14,460,41,5,337,27,3,899,41,4,564,41,3,424,33,1,333,21,2,734,61,6,539,45,3,378,14,2,253,19,3
2020-12-01,3308,202,20,2203,162,14,589,44,1,368,30,2,947,47,3,620,42,3,551,21,2,359,22,2,858,65,5,585,48,3,363,25,9,271,20,4
2020-12-02,3129,172,27,2311,166,16,540,26,5,384,30,3,860,52,10,653,43,4,502,23,2,376,24,2,843,51,6,615,50,4,384,23,4,284,21,4
2020-12-03,2945,215,18,2615,175,18,523,47,0,439,33,3,847,59,4,739,46,4,455,19,7,421,23,3,783,57,4,697,52,4,337,35,3,319,23,4
2020-12-04,2816,182,26,2689,179,20,562,36,5,464,35,3,768,60,6,762,48,5,401,22,2,423,22,3,757,42,7,713,52,5,328,23,6,326,22,4
2020-12-05,1887,177,23,2696,186,21,325,32,3,463,37,3,506,43,6,770,49,5,210,27,2,406,23,2,597,58,8,725,55,6,249,20,4,331,23,5
2020-12-06,1755,176,21,2676,187,22,250,37,2,464,38,3,556,51,4,769,50,5,216,19,2,394,23,3,517,47,11,727,54,7,216,22,2,322,23,4
2020-12-07,3304,221,19,2735,192,22,554,46,2,478,38,3,964,58,7,778,53,6,449,28,2,398,23,3,967,61,6,760,54,7,370,32,2,321,26,4
2020-12-08,3059,224,22,2699,195,22,496,42,4,464,38,3,922,71,8,775,56,6,450,35,1,383,25,3,900,57,5,766,53,7,291,22,4,311,25,4
2020-12-09,3106,275,27,2696,210,22,528,59,4,463,43,3,913,80,9,782,60,6,496,46,2,382,28,3,851,62,7,767,55,7,318,37,5,301,27,4
2020-12-10,3149,245,25,2725,214,23,571,44,7,469,42,4,940,75,2,796,63,6,463,28,5,384,29,2,897,72,9,784,57,8,277,27,2,293,26,4
2020-12-11,2980,247,30,2749,224,24,501,58,3,461,45,4,837,64,8,805,63,6,494,32,2,397,31,2,880,70,10,801,61,8,266,23,7,284,26,4
2020-12-12,2206,209,33,2794,228,25,392,39,5,470,46,4,600,61,9,819,66,7,297,29,2,409,31,2,699,59,9,816,61,8,218,23,8,279,27,4
2020-12-13,2176,225,26,2854,235,26,311,41,4,479,47,4,645,58,5,832,67,7,296,32,7,421,33,3,676,79,4,839,66,7,248,19,6,284,26,5
2020-12-14,3578,264,30,2893,241,28,614,52,4,488,48,4,1109,80,6,852,70,7,500,36,3,428,34,3,1004,81,13,844,69,8,350,19,4,281,24,5
2020-12-15,3681,236,32,2982,243,29,634,41,2,507,48,4,1065,78,11,873,71,7,551,41,4,442,35,4,1092,63,9,871,69,9,339,17,6,288,24,5
2020-12-16,2787,215,39,2937,234,31,445,47,8,495,46,5,842,69,15,863,69,8,454,22,3,436,31,4,810,65,9,865,70,9,236,13,4,276,20,5
2020-12-17,1926,229,35,2762,232,32,266,48,7,452,47,5,649,72,7,821,69,9,336,30,6,418,32,4,489,64,10,807,69,9,186,20,5,263,19,6
2020-12-18,3427,273,39,2826,236,33,619,67,7,469,48,5,1024,81,13,848,71,9,521,37,3,422,32,4,928,71,12,814,69,9,335,20,4,273,19,5
2020-12-19,2557,240,30,2876,240,33,405,47,5,471,49,5,764,69,9,871,72,9,331,32,4,427,33,4,797,74,8,828,71,9,260,19,4,279,18,5
2020-12-20,2346,243,29,2900,243,33,292,42,4,468,49,5,768,83,5,889,76,9,295,32,7,427,33,4,698,68,6,831,69,10,293,22,7,286,19,5
2020-12-21,4338,331,41,3009,252,35,716,65,5,482,51,5,1307,100,7,917,79,10,598,58,10,441,36,5,1288,93,16,872,71,10,429,20,3,297,19,5
2020-12-22,4100,285,53,3069,259,38,732,54,8,496,53,6,1251,88,16,944,80,10,548,50,7,440,37,6,1205,72,12,888,72,10,364,24,10,300,20,5
2020-12-23,3844,302,39,3220,272,38,636,49,7,524,53,6,1098,115,13,980,87,10,525,44,7,451,40,6,1186,76,7,942,74,10,399,23,5,324,21,5
2020-12-24,3015,277,39,3375,279,39,503,49,6,558,53,6,965,98,9,1025,91,10,433,37,5,464,41,6,873,81,15,996,76,11,241,13,4,332,20,5
2020-12-25,1046,266,39,3035,278,39,154,43,6,491,50,6,345,85,12,928,91,10,153,51,6,412,43,7,298,76,8,906,77,10,96,13,7,297,19,6
2020-12-26,3455,267,37,3163,282,40,537,44,8,510,49,6,1024,89,9,965,94,10,427,35,7,426,44,7,1073,80,11,946,78,11,393,21,2,316,19,5
2020-12-27,2888,244,44,3241,282,42,479,34,4,537,48,6,915,91,16,986,95,12,314,32,9,428,44,7,868,69,6,970,78,11,312,19,9,319,19,6
2020-12-28,5392,349,43,3391,284,42,1021,66,8,580,48,7,1600,107,13,1028,96,13,679,55,4,440,43,6,1530,108,11,1005,80,10,562,20,7,338,19,6
2020-12-29,5206,323,49,3549,290,41,993,63,9,618,50,7,1414,88,14,1052,96,12,613,57,8,449,44,7,1602,98,9,1061,84,10,584,19,9,370,18,6
2020-12-30,4985,316,40,3712,292,42,967,69,4,665,53,6,1398,97,16,1094,94,13,661,41,5,469,44,6,1493,93,11,1105,86,10,465,18,4,379,18,6
2020-12-31,3393,284,41,3766,293,42,665,55,4,688,53,6,936,92,21,1090,93,14,396,41,3,463,45,6,1009,81,10,1125,86,9,387,20,3,400,19,6
2021-01-01,1340,301,35,3808,298,41,206,61,9,695,56,7,416,84,16,1100,93,15,163,36,2,465,42,5,433,94,5,1144,89,9,122,28,3,404,21,5
2021-01-02,4202,326,57,3915,306,44,723,56,13,722,58,7,1108,97,18,1112,94,16,519,48,5,478,44,5,1342,100,13,1182,92,9,509,26,8,420,21,6
2021-01-03,3465,300,39,3998,314,43,512,53,8,727,60,8,1065,96,11,1134,94,16,396,38,5,490,45,5,1092,104,10,1214,97,10,400,15,5,433,21,6
2021-01-04,6604,408,61,4171,323,46,1257,65,9,760,60,8,1894,140,24,1176,99,17,918,62,6,524,46,5,1877,116,14,1264,98,10,658,29,8,446,22,6
2021-01-05,6156,350,66,4306,326,48,1166,72,12,785,62,8,1759,101,22,1225,101,18,892,53,9,564,46,5,1821,103,18,1295,99,12,518,24,5,437,23,5
2021-01-06,5684,379,59,4406,335,51,1109,71,12,805,62,10,1605,113,19,1255,103,19,758,44,2,577,46,5,1687,123,20,1323,103,13,524,31,6,445,25,5
2021-01-07,5444,360,52,4699,346,53,982,65,4,851,63,10,1640,111,18,1355,106,18,799,35,13,635,45,6,1571,122,10,1403,109,13,452,28,7,455,26,6
2021-01-08,5298,354,59,5265,354,56,983,63,9,962,64,10,1454,115,14,1504,110,18,780,33,9,723,45,7,1600,119,19,1570,112,15,481,26,8,506,26,7
2021-01-09,3690,328,70,5192,354,58,677,61,16,955,64,10,1007,94,20,1489,110,18,447,35,11,713,43,8,1188,112,19,1548,114,16,371,29,4,486,26,6
2021-01-10,3199,309,52,5154,355,60,462,53,9,948,64,10,1007,88,17,1481,109,19,366,48,3,709,44,8,1020,98,19,1538,113,17,344,27,4,478,28,6
2021-01-11,5914,404,58,5055,355,59,1141,88,8,931,68,10,1755,129,12,1461,107,17,845,55,6,698,43,8,1702,110,30,1513,112,19,469,28,2,451,28,5
2021-01-12,5235,396,73,4923,361,60,999,90,8,908,70,9,1616,127,30,1441,111,19,671,50,9,667,43,8,1534,103,21,1472,112,20,415,31,5,437,29,5
2021-01-13,5176,430,67,4851,369,62,1044,96,4,898,74,8,1534,130,22,1430,113,19,695,60,7,658,45,8,1525,113,28,1449,111,21,378,33,6,416,29,5
2021-01-14,5257,433,65,4824,379,63,995,79,6,900,76,9,1557,136,22,1419,117,20,748,63,7,650,49,7,1538,122,25,1444,111,23,419,35,5,411,30,5
2021-01-15,4844,393,62,4759,385,64,933,74,12,893,77,9,1401,129,10,1411,119,19,663,49,12,634,51,8,1490,113,19,1428,110,23,356,32,9,393,31,5
2021-01-16,3478,370,66,4729,391,63,607,69,12,883,78,8,1073,106,20,1420,121,19,443,54,5,633,54,7,1058,121,27,1410,111,24,297,25,2,383,30,5
2021-01-17,2919,335,55,4689,394,64,501,71,7,889,81,8,904,103,24,1406,123,20,396,55,6,637,55,7,862,87,16,1387,110,24,256,23,2,370,30,4
2021-01-18,4642,445,73,4507,400,66,768,98,17,835,82,9,1462,145,22,1364,125,21,599,55,8,602,55,8,1434,119,20,1349,111,22,379,33,6,357,30,5
2021-01-19,5140,388,81,4494,399,67,1085,73,11,848,80,10,1475,117,28,1344,124,21,724,64,11,610,57,8,1519,115,25,1347,113,23,337,24,6,346,29,5
2021-01-20,4909,376,74,4456,391,68,1038,85,6,847,78,10,1353,109,27,1318,121,22,727,51,9,614,56,8,1439,116,25,1334,113,22,352,18,7,342,27,5
2021-01-21,4938,419,63,4410,389,68,960,89,11,842,80,11,1405,122,20,1296,119,22,722,64,12,611,56,9,1501,121,16,1329,113,21,350,25,4,332,26,5
2021-01-22,4715,432,79,4392,395,70,1062,100,11,860,84,11,1323,128,31,1285,119,25,707,58,9,617,57,9,1291,121,24,1301,114,22,330,29,4,329,25,4
2021-01-23,3461,325,78,4389,389,72,682,76,12,871,85,11,1012,95,28,1276,117,26,499,53,9,625,57,9,1023,82,19,1296,109,21,245,21,10,321,25,6
2021-01-24,2930,336,68,4391,389,74,507,77,9,872,85,11,908,101,20,1277,117,25,413,50,9,627,56,10,923,91,23,1304,109,22,179,20,7,310,24,6
2021-01-25,5817,407,65,4559,383,73,1177,102,10,930,86,10,1763,111,19,1320,112,25,876,64,12,667,58,10,1634,112,17,1333,108,21,365,19,7,308,22,6
2021-01-26,4866,369,78,4519,381,72,1006,83,9,919,87,10,1420,101,30,1312,110,25,765,53,12,673,56,10,1389,118,25,1314,109,21,285,21,2,301,22,6
2021-01-27,5005,426,90,4533,388,74,990,88,11,912,88,10,1505,134,30,1334,113,25,823,57,23,686,57,12,1407,124,21,1310,110,21,279,28,5,290,23,6
2021-01-28,4794,392,86,4513,384,78,966,106,20,913,90,12,1432,114,16,1338,112,25,756,52,16,691,55,13,1367,105,27,1291,108,22,271,16,7,279,22,6
2021-01-29,3671,409,88,4363,381,79,733,84,19,866,88,13,1099,129,26,1306,112,24,530,69,9,666,57,13,1073,113,28,1259,106,23,234,16,6,265,20,6
2021-01-30,2877,269,79,4280,373,79,557,59,14,848,86,13,875,77,27,1286,110,24,359,47,9,646,56,13,921,73,25,1245,105,24,164,18,4,254,20,5
2021-01-31,2894,307,73,4275,368,80,548,63,7,854,84,13,883,100,27,1282,109,25,333,38,9,635,54,13,912,90,24,1243,105,24,218,17,6,259,19,5
2021-02-01,980,288,64,3584,351,80,169,84,12,710,81,13,344,84,22,1080,106,25,189,41,5,536,51,12,234,70,22,1043,99,25,44,13,3,214,18,5
2021-02-02,2659,401,77,3269,356,80,434,89,13,628,82,14,873,141,30,1002,111,25,441,60,7,490,52,11,769,97,21,955,96,24,142,18,6,193,18,5
2021-02-03,5145,438,76,3289,358,78,1093,96,15,643,83,14,1505,148,19,1002,113,24,823,71,14,490,54,10,1403,107,21,954,94,24,321,18,7,199,17,6
2021-02-04,4853,430,90,3297,363,78,1069,87,20,658,80,14,1388,142,26,995,117,25,705,74,15,483,57,10,1406,121,26,960,96,24,285,14,3,201,16,5
2021-02-05,4158,441,81,3367,368,77,953,102,13,689,83,13,1245,138,32,1016,119,26,537,69,12,484,57,10,1181,114,20,975,96,23,242,20,4,202,17,5
2021-02-06,3080,362,76,3396,381,77,719,81,12,712,86,13,900,96,26,1020,121,26,389,67,9,488,60,10,892,97,22,971,99,22,180,22,7,205,17,5
2021-02-07,1645,311,78,3217,382,77,324,84,20,680,89,15,567,104,18,975,122,25,202,39,15,469,60,11,453,75,22,905,97,22,99,10,3,188,16,5
2021-02-08,4432,390,81,3710,396,80,972,98,19,795,91,16,1345,124,23,1118,128,25,610,60,16,530,63,13,1238,93,18,1049,101,21,267,19,5,219,17,5
2021-02-09,3736,395,71,3864,395,79,874,96,10,858,92,16,1090,107,25,1149,123,24,518,57,12,541,62,13,1009,112,21,1083,103,21,245,26,3,234,18,5
2021-02-10,3778,360,78,3669,384,79,868,85,21,826,90,16,1061,118,20,1085,118,24,569,44,9,504,59,13,1007,93,23,1027,101,22,273,22,5,227,19,4
2021-02-11,3415,319,96,3463,368,80,724,66,22,776,87,17,931,110,30,1020,114,25,549,51,13,482,55,12,978,85,26,965,96,22,228,15,5,219,19,5
2021-02-12,3314,345,81,3343,355,80,726,79,13,744,84,17,934,107,26,975,109,24,494,48,10,476,52,12,928,89,27,929,92,23,231,24,5,218,20,5
2021-02-13,2206,279,82,3218,343,81,420,70,14,701,83,17,671,73,25,943,106,24,276,42,13,460,49,13,704,88,25,902,91,23,135,9,5,211,18,4
2021-02-14,1894,244,80,3254,333,81,371,59,13,708,79,16,585,82,29,945,103,25,245,34,16,466,48,13,579,57,19,920,88,23,114,14,3,213,18,4
2021-02-15,2862,321,82,3029,323,81,527,71,15,644,75,15,860,96,28,876,99,26,366,49,13,431,46,12,874,89,22,868,88,23,234,16,4,209,18,4
2021-02-16,3724,349,85,3028,317,83,788,80,17,632,73,16,1110,115,33,879,100,27,611,53,6,444,46,11,1024,93,26,871,85,24,190,12,3,201,16,4
2021-02-17,3436,292,80,2979,307,84,772,64,24,618,70,17,1006,101,23,871,98,28,541,42,5,440,46,11,921,81,25,858,83,24,196,8,3,190,14,4
2021-02-18,2048,261,54,2783,299,78,383,53,8,570,68,15,591,78,20,822,93,26,411,38,8,421,44,10,553,82,16,798,83,23,110,10,2,173,13,4
2021-02-19,3019,303,57,2741,293,74,618,73,9,554,67,14,855,83,17,811,90,25,462,42,11,416,43,10,856,93,20,787,83,22,228,14,0,172,12,3
2021-02-20,2494,296,69,2782,295,72,510,72,20,567,67,15,681,88,19,813,92,24,346,43,9,426,43,10,785,86,14,799,83,20,172,10,7,178,12,3
2021-02-21,2285,270,59,2838,299,69,359,58,19,565,67,16,792,85,15,842,92,22,317,34,5,436,43,8,666,85,17,811,87,20,151,14,3,183,12,3
2021-02-22,3627,350,74,2948,303,68,752,81,12,597,69,16,1116,118,27,879,95,22,547,54,12,462,44,8,984,85,18,827,86,19,228,13,5,182,12,3
2021-02-23,3473,328,73,2912,300,67,731,70,18,589,67,16,1073,110,20,873,95,20,532,47,12,451,43,9,935,94,20,814,87,19,201,14,3,184,12,3
2021-02-24,3464,353,79,2916,309,66,713,74,14,581,69,14,1023,107,22,876,96,20,568,49,19,455,44,11,943,118,16,817,92,17,217,10,8,187,12,4
2021-02-25,3482,291,72,3121,313,69,714,70,18,628,71,16,1027,86,21,938,97,20,514,45,12,469,45,11,965,81,18,876,92,18,262,11,3,208,12,4
2021-02-26,3242,328,71,3152,317,71,676,55,12,636,69,16,943,100,15,951,99,20,518,54,18,477,47,12,889,105,22,881,93,18,216,15,4,207,12,5
2021-02-27,2017,242,65,3084,309,70,377,49,8,617,65,14,625,70,28,943,97,21,248,33,8,463,45,12,629,82,19,859,93,19,138,12,2,202,13,4
2021-02-28,2038,244,69,3049,305,72,329,55,11,613,65,13,733,86,23,934,97,22,253,29,10,454,44,13,574,69,23,846,91,19,149,6,2,202,12,4
2021-03-01,3727,324,62,3063,301,70,730,75,4,610,64,12,1174,87,22,943,92,22,531,49,8,452,44,12,1031,99,23,852,93,20,261,17,5,206,12,4
2021-03-02,3109,273,53,3011,294,67,562,54,10,586,62,11,936,81,15,923,88,21,495,48,5,447,44,11,861,70,18,842,89,20,255,21,5,214,13,4
2021-03-03,3244,305,71,2980,287,66,638,68,20,575,61,12,955,91,14,913,86,20,523,50,16,440,44,11,862,86,17,830,85,20,266,13,4,221,14,4
2021-03-04,3120,298,60,2928,288,64,575,71,10,555,61,11,935,101,14,900,88,19,495,51,10,438,45,11,862,67,21,815,83,20,252,10,5,220,13,4
2021-03-05,2888,256,54,2878,277,62,554,67,8,538,63,10,887,70,18,892,84,19,403,33,11,421,42,10,808,68,12,804,77,19,236,20,5,222,14,4
2021-03-06,2043,241,56,2881,277,61,330,43,13,531,62,11,594,67,13,888,83,17,259,37,12,423,42,10,688,83,15,812,77,18,172,13,3,227,14,4
2021-03-07,1875,246,60,2858,278,59,291,53,10,526,62,11,595,71,22,868,81,17,238,37,9,421,44,10,604,71,16,817,78,17,147,15,3,227,16,4
2021-03-08,3402,294,67,2812,273,60,625,60,14,511,59,12,1109,73,16,859,79,16,490,52,11,415,44,11,919,94,19,801,77,17,259,22,7,227,16,5
2021-03-09,3342,281,71,2845,274,63,581,63,17,513,61,13,1086,74,18,880,78,16,527,47,11,419,44,11,915,86,24,808,79,18,233,16,1,224,16,4
2021-03-10,3203,280,62,2839,271,61,562,57,17,503,59,13,957,96,19,880,79,17,518,37,7,419,42,10,907,81,15,815,79,17,259,13,4,223,16,4
2021-03-11,3107,291,56,2837,270,61,544,53,13,498,57,13,964,99,20,885,79,18,464,45,5,414,41,9,922,83,13,823,81,16,213,15,5,217,16,4
2021-03-12,3204,293,72,2882,275,63,573,61,15,501,56,14,937,95,26,892,82,19,486,36,13,426,42,10,964,91,17,846,84,17,244,14,1,218,15,3
2021-03-13,2174,220,62,2901,272,64,331,40,11,501,55,14,627,66,22,896,82,20,284,34,7,430,41,9,755,78,17,855,83,17,177,5,5,219,14,4
2021-03-14,1926,252,40,2908,273,61,249,42,8,495,54,14,643,82,15,903,84,19,224,30,3,428,40,8,661,88,13,863,86,17,149,11,1,219,14,3
2021-03-15,3395,292,44,2907,273,58,563,62,6,486,54,12,1064,83,17,897,85,20,449,35,12,422,38,8,1093,95,5,888,86,15,226,18,4,214,13,3
2021-03-16,3195,250,64,2886,268,57,569,45,14,484,51,12,986,80,19,883,86,20,492,40,8,417,37,8,935,75,18,891,84,14,213,15,5,212,13,4
2021-03-17,3174,276,44,2882,268,55,517,45,8,478,50,11,940,100,7,880,86,18,507,45,12,415,38,9,943,71,13,896,83,14,267,17,4,213,14,4
2021-03-18,2921,306,59,2856,270,55,499,58,11,472,50,10,857,101,17,865,87,18,446,33,12,413,36,10,887,94,16,891,85,14,232,24,3,215,15,3
2021-03-19,3048,257,45,2833,265,51,546,58,10,468,50,10,904,84,8,860,85,15,434,35,9,405,36,9,897,67,15,882,81,14,267,18,3,219,15,4
2021-03-20,2160,261,49,2831,271,49,334,53,4,468,52,9,660,88,16,865,88,14,270,31,9,403,36,9,735,74,16,879,81,14,160,17,4,216,17,3
2021-03-21,2093,271,50,2855,273,51,294,34,7,475,51,9,710,93,13,874,90,14,233,30,9,404,36,10,682,99,18,882,82,14,174,19,3,220,18,4
2021-03-22,3882,327,54,2925,278,52,654,55,15,488,50,10,1215,99,19,896,92,14,579,48,6,423,37,9,1116,105,11,885,84,15,317,24,3,233,19,4
2021-03-23,3254,282,54,2933,283,51,566,60,8,487,52,9,1026,92,16,902,94,14,471,33,10,420,36,10,939,84,16,886,85,15,252,16,4,238,19,3
2021-03-24,3452,294,42,2973,285,50,579,63,6,496,54,9,1048,99,13,917,94,15,526,23,4,423,33,8,1011,91,15,895,88,15,288,23,4,241,20,3
2021-03-25,3797,310,70,3098,286,52,638,53,13,516,54,9,1147,108,24,959,95,16,587,30,10,443,33,8,1130,98,20,930,88,16,295,25,3,250,20,3
2021-03-26,3416,313,64,3151,294,55,568,62,12,519,54,9,999,104,23,972,98,18,495,37,5,452,33,8,1045,85,18,951,91,16,309,28,6,256,22,4
2021-03-27,2221,264,52,3159,294,55,363,54,15,523,54,11,632,88,17,968,98,18,269,34,9,451,34,8,742,78,9,952,91,15,215,14,2,264,21,4
2021-03-28,1751,208,57,3110,285,56,254,36,10,517,55,11,574,61,15,949,93,18,224,19,7,450,32,7,547,76,19,933,88,15,152,16,6,261,21,4
2021-03-29,3558,303,48,3064,282,55,626,55,14,513,55,11,1043,101,12,924,93,17,485,37,6,437,30,7,1093,93,15,930,86,16,311,20,1,260,20,4
2021-03-30,3185,265,42,3054,280,54,593,61,6,517,55,11,938,84,15,912,92,17,472,35,2,437,31,6,935,66,17,929,84,16,247,20,2,260,21,3
2021-03-31,3185,292,61,3016,279,56,508,49,7,507,53,11,959,105,24,899,93,19,517,26,8,436,31,7,940,91,16,919,84,16,261,22,6,256,21,4
2021-04-01,2866,265,57,2883,273,54,501,50,14,488,52,11,861,102,18,858,92,18,446,36,6,415,32,6,831,65,16,876,79,16,227,14,3,246,19,4
2021-04-02,2620,264,54,2769,266,53,360,32,9,458,48,11,847,89,23,836,90,18,380,35,6,399,32,6,812,92,14,843,80,15,221,19,2,233,18,3
2021-04-03,2050,236,48,2745,262,52,314,46,8,451,47,10,638,78,18,837,89,18,233,28,6,394,31,6,664,74,16,832,80,16,201,12,0,231,18,3
2021-04-04,1466,217,47,2704,263,51,191,42,10,442,48,10,497,68,13,826,90,18,180,22,6,388,31,6,456,72,15,819,79,16,142,13,3,230,17,2
2021-04-05,3270,269,53,2663,258,52,505,48,13,425,47,10,1039,88,10,826,88,17,467,30,7,385,30,6,975,86,18,802,78,16,284,17,5,226,17,3
2021-04-06,3003,229,46,2637,253,52,500,57,8,411,46,10,932,75,15,825,86,17,463,27,4,384,29,6,863,69,15,792,78,16,245,7,4,226,15,3
2021-04-07,2763,222,42,2577,243,50,467,44,5,405,46,10,869,75,9,812,82,15,412,23,7,369,29,6,788,63,14,770,74,15,227,19,7,221,14,3
2021-04-08,2575,219,54,2535,237,49,417,38,14,393,44,10,813,73,20,805,78,15,322,27,7,351,27,6,787,71,10,764,75,15,236,11,3,222,14,3
2021-04-09,2467,205,54,2513,228,49,356,45,9,393,46,10,803,52,26,799,73,16,321,28,8,343,26,6,734,64,10,752,71,14,253,19,1,227,14,3
2021-04-10,1723,191,48,2467,222,49,231,35,6,381,44,9,564,61,13,788,70,15,196,25,7,337,26,7,582,58,19,741,69,14,150,12,3,220,14,4
2021-04-11,1315,161,53,2445,214,50,179,27,6,379,42,9,462,51,21,783,68,16,148,17,7,333,25,7,397,59,17,732,67,15,129,8,2,218,13,4
2021-04-12,2534,202,41,2340,204,48,404,39,7,365,41,8,853,58,16,757,64,17,331,33,5,313,26,6,741,64,12,699,64,14,205,11,1,206,12,3
2021-04-13,2363,206,36,2249,201,47,385,32,5,348,37,7,774,70,13,734,63,17,344,30,5,296,26,7,693,62,11,675,63,13,167,14,2,195,13,3
2021-04-14,2242,195,35,2174,197,46,349,36,7,332,36,8,721,69,11,713,62,17,320,26,6,283,27,6,638,54,10,653,62,13,214,13,1,193,13,2
2021-04-15,2015,220,41,2094,197,44,354,45,7,323,37,7,640,66,11,688,61,16,281,28,8,277,27,7,561,66,10,621,61,13,179,17,5,185,13,2
2021-04-16,1832,198,30,2003,196,41,259,32,2,309,35,6,595,76,14,658,64,14,227,21,2,264,26,6,567,56,10,597,60,13,184,15,2,175,13,2
2021-04-17,1275,166,35,1939,193,39,209,26,4,306,34,5,411,59,17,637,64,15,129,16,5,254,24,5,411,56,8,573,60,11,115,10,1,170,13,2
2021-04-18,1050,166,35,1902,193,36,164,30,2,303,34,5,357,68,17,622,67,14,128,12,7,251,24,5,296,44,7,558,57,10,105,14,2,167,13,2
2021-04-19,1884,177,42,1809,190,36,287,30,5,287,33,5,641,58,15,591,67,14,231,20,5,237,22,5,543,55,12,530,56,10,182,16,4,164,14,2
2021-04-20,1606,154,33,1701,182,36,286,26,4,273,32,4,518,61,13,555,65,14,222,19,2,220,20,5,433,39,12,493,53,10,146,11,2,161,14,2
2021-04-21,1423,117,35,1584,171,36,209,15,2,253,29,4,513,43,12,525,62,14,181,11,4,200,18,5,388,35,17,457,50,11,132,14,0,149,14,2
2021-04-22,1360,162,41,1490,163,36,227,41,5,234,29,3,489,50,18,503,59,15,142,13,4,180,16,4,375,49,11,430,48,11,127,10,3,142,13,2
2021-04-23,1288,153,46,1412,156,38,217,24,12,228,27,5,438,52,11,481,56,15,130,19,6,166,16,5,369,46,15,402,46,12,134,14,2,134,13,2
2021-04-24,854,104,29,1352,148,37,125,22,3,216,27,5,308,31,10,466,52,14,87,12,6,160,15,5,255,31,9,380,43,12,79,9,1,129,13,2
2021-04-25,754,120,24,1310,141,36,95,23,5,207,26,5,270,36,6,454,47,12,75,17,2,153,16,4,245,41,9,373,42,12,69,4,2,124,11,2
2021-04-26,1372,146,31,1237,137,34,226,30,5,198,26,5,498,50,16,433,46,12,167,16,2,143,15,4,358,43,7,346,41,11,122,7,1,116,10,2
2021-04-27,1136,116,31,1170,131,34,204,18,5,186,25,5,389,45,10,415,44,12,145,8,5,132,14,4,301,38,9,327,40,11,97,9,2,109,10,2
2021-04-28,1214,127,29,1140,133,33,190,18,4,183,25,6,419,45,12,402,44,12,132,19,4,125,15,4,362,37,9,324,41,10,111,9,0,106,9,2
2021-04-29,1053,117,31,1096,126,32,154,20,7,173,22,6,392,44,8,388,43,10,150,18,3,127,16,4,267,27,12,308,38,10,90,9,1,100,9,1
2021-04-30,952,94,38,1048,118,30,171,17,5,166,21,5,322,33,14,371,41,11,105,11,5,123,14,4,274,30,11,295,35,9,80,3,3,93,7,1
2021-05-01,578,77,31,1008,114,31,86,14,4,161,20,5,190,23,10,354,39,11,63,13,5,120,15,4,181,27,10,284,35,10,58,3,2,90,6,2
2021-05-02,568,72,29,982,107,31,73,14,1,158,19,4,220,22,12,347,37,12,50,8,4,116,13,4,165,16,10,273,31,10,60,12,2,88,7,2
2021-05-03,935,89,23,919,99,30,151,17,4,147,17,4,316,29,6,321,34,10,127,11,4,110,13,4,267,29,5,260,29,9,73,4,4,81,7,2
2021-05-04,876,96,28,882,96,30,156,12,4,140,16,4,297,46,10,308,35,10,103,11,1,104,13,4,239,23,6,251,27,9,81,6,7,79,7,3
2021-05-05,778,81,26,820,89,29,141,15,7,133,16,5,243,25,8,283,32,10,109,9,4,101,12,4,224,26,6,231,25,9,61,6,1,72,6,3
2021-05-06,785,82,27,782,84,29,133,10,3,130,14,4,268,22,10,265,29,10,100,16,6,94,11,4,230,30,7,226,26,8,54,5,1,67,6,3
2021-05-07,715,73,37,748,81,29,137,13,5,125,14,4,225,29,10,251,28,9,80,10,4,90,11,4,193,16,14,214,24,8,80,5,4,67,6,3
2021-05-08,384,63,24,720,79,28,61,11,1,122,13,4,121,25,12,241,28,10,41,11,4,87,11,4,123,16,5,206,22,8,38,2,2,64,6,3
2021-05-09,343,62,26,688,78,27,53,9,5,119,12,4,106,18,9,225,28,9,48,9,3,87,11,4,110,25,8,198,24,7,26,1,1,59,4,3
2021-05-10,654,71,28,648,75,28,130,18,6,116,13,4,207,18,9,210,26,10,89,9,3,81,11,4,178,24,9,185,23,8,50,2,1,56,4,2
2021-05-11,628,71,22,612,72,27,90,15,2,106,13,4,216,19,6,198,22,9,70,8,7,77,10,4,188,24,5,178,23,8,64,5,2,53,4,2
2021-05-12,594,63,18,586,69,26,109,9,1,102,12,3,196,25,8,191,22,9,68,11,2,71,11,4,155,14,5,168,21,8,66,5,2,54,4,2
2021-05-13,516,66,24,548,67,26,93,12,4,96,12,3,147,22,7,174,22,9,75,8,4,67,9,4,151,22,8,157,20,8,49,4,1,53,3,2
2021-05-14,487,69,28,515,66,24,77,17,5,88,13,3,145,14,9,163,20,9,58,10,3,64,9,4,160,24,10,152,21,7,46,5,1,48,3,1
2021-05-15,292,41,10,502,63,22,46,7,2,85,12,4,94,21,3,159,20,7,33,2,1,63,8,3,99,8,4,149,20,7,20,4,0,46,4,1
2021-05-16,280,40,16,493,60,21,48,3,1,85,12,3,99,19,7,158,20,7,31,4,2,61,7,3,84,14,5,145,19,7,18,1,1,45,4,1
2021-05-17,453,72,16,464,60,19,79,11,4,77,11,3,151,22,7,150,20,7,72,10,0,58,8,3,114,24,5,136,19,6,37,5,0,43,4,1
2021-05-18,415,53,14,434,58,18,71,10,2,75,10,3,138,16,5,139,20,7,60,7,3,57,7,2,102,19,4,124,18,6,44,2,0,40,4,1
2021-05-19,377,58,14,403,57,17,74,14,4,70,11,3,129,21,7,129,19,6,41,8,1,53,7,2,106,13,1,117,18,5,27,3,1,34,3,1
2021-05-20,395,65,14,386,57,16,67,12,2,66,11,3,133,31,6,127,21,6,51,7,3,49,7,2,111,12,0,111,16,4,33,3,3,32,3,1
2021-05-21,349,51,13,366,54,14,54,11,2,63,10,2,115,10,5,123,20,6,48,9,2,48,7,2,105,15,3,103,15,3,27,6,1,29,3,1
2021-05-22,233,35,17,357,53,15,35,6,0,61,10,2,81,13,5,121,19,6,28,4,2,47,7,2,68,13,8,99,16,4,21,2,2,30,3,1
2021-05-23,187,46,11,344,54,14,29,4,2,58,10,2,63,19,3,116,19,5,17,6,0,45,7,2,55,13,4,94,16,4,23,4,2,30,4,1
2021-05-24,355,35,10,330,49,13,57,7,0,55,9,2,105,9,6,109,17,5,51,4,1,42,6,2,95,14,3,92,14,3,47,1,0,32,3,1
2021-05-25,305,42,6,314,47,12,48,3,2,52,8,2,102,19,1,104,17,5,37,5,0,39,6,1,81,16,3,89,14,3,37,0,0,31,3,1
2021-05-26,249,33,4,296,44,11,44,4,1,48,7,1,81,12,0,97,16,4,40,3,1,39,5,1,74,10,1,84,13,3,10,4,1,28,3,1
2021-05-27,257,45,9,276,41,10,56,11,1,46,7,1,62,11,3,87,13,3,39,10,2,37,6,1,67,12,1,78,13,3,33,3,2,28,3,1
2021-05-28,210,35,13,257,39,10,36,7,1,44,6,1,67,16,3,80,14,3,23,5,2,34,5,1,66,6,4,72,12,3,18,1,3,27,2,1
2021-05-29,126,25,9,241,37,9,22,6,1,42,6,1,32,4,3,73,13,3,23,4,0,33,5,1,40,11,5,68,12,3,9,0,0,25,2,1
2021-05-30,118,27,8,231,35,8,25,4,2,41,6,1,34,14,5,69,12,3,16,5,0,33,5,1,29,3,1,65,10,3,14,1,0,24,1,1
2021-05-31,117,17,12,197,32,9,15,8,3,35,6,2,35,2,2,59,11,2,20,3,3,28,5,1,37,4,4,56,9,3,10,1,0,19,1,1
2021-06-01,289,33,12,195,31,10,72,5,1,39,6,1,59,14,8,53,10,3,52,4,2,30,5,1,76,10,1,56,8,2,30,2,0,18,2,1
2021-06-02,244,44,11,194,32,11,52,6,1,40,7,1,70,15,4,51,11,4,33,4,1,29,5,1,68,14,5,55,9,3,21,5,0,19,2,1
2021-06-03,206,30,11,187,30,11,45,0,0,38,5,1,62,15,4,51,11,4,24,3,2,27,4,1,61,10,3,54,8,3,14,2,2,17,2,1
2021-06-04,225,25,7,189,29,10,57,6,1,41,5,1,66,10,2,51,11,4,34,4,1,29,4,1,43,3,3,51,8,3,25,2,0,18,2,0
2021-06-05,142,17,6,192,28,10,41,3,0,44,5,1,44,4,3,53,11,4,16,3,0,28,4,1,29,4,2,49,7,3,12,3,1,18,2,0
2021-06-06,130,25,5,193,27,9,24,8,1,44,5,1,35,9,2,53,10,4,23,2,1,29,3,1,33,4,1,50,7,3,15,2,0,18,2,0
2021-06-07,221,32,6,208,29,8,57,8,2,50,5,1,64,12,0,57,11,3,32,1,0,31,3,1,46,8,4,51,8,3,19,3,0,19,3,0
2021-06-08,176,36,10,192,30,8,38,11,0,45,6,1,55,7,3,57,10,3,27,7,1,27,3,1,39,10,4,46,8,3,17,1,2,18,3,1
2021-06-09,211,24,9,187,27,8,56,9,1,45,6,1,58,9,5,55,9,3,40,1,0,28,3,1,40,4,3,42,6,3,17,1,0,17,2,1
2021-06-10,156,25,6,180,26,7,33,6,1,44,7,1,46,8,1,53,8,2,30,3,1,29,3,1,35,6,3,38,6,3,12,2,0,17,2,0
2021-06-11,189,25,6,175,26,7,40,6,1,41,7,1,44,6,1,49,8,2,38,5,1,29,3,1,52,6,3,39,6,3,15,2,0,15,2,0
2021-06-12,121,21,5,172,27,7,25,6,2,39,8,1,28,4,1,47,8,2,14,3,1,29,3,1,39,6,1,41,6,3,15,2,0,16,2,0
2021-06-13,115,30,6,170,28,7,18,4,2,38,7,1,35,12,1,47,8,2,19,2,2,29,3,1,31,10,1,40,7,3,12,3,0,15,2,0
2021-06-14,182,25,7,164,27,7,38,6,1,35,7,1,54,12,4,46,8,2,29,2,0,28,3,1,49,5,1,41,7,2,12,1,1,14,2,0
2021-06-15,179,25,6,165,25,6,30,8,0,34,6,1,37,8,3,43,8,2,36,1,1,29,2,1,57,4,1,43,6,2,19,4,1,15,2,0
2021-06-16,173,23,6,159,25,6,29,6,1,30,6,1,46,5,2,41,8,2,31,5,3,28,3,1,41,7,0,43,6,1,26,2,0,16,2,0
2021-06-17,188,30,9,164,26,6,36,10,3,31,7,1,52,9,3,42,8,2,26,2,2,28,3,1,51,8,1,46,7,1,23,1,0,17,2,0
2021-06-18,160,19,8,160,25,7,19,2,1,28,6,1,59,7,3,44,8,2,15,4,1,24,3,1,47,5,1,45,6,1,20,1,2,18,2,1
2021-06-19,107,13,11,158,24,8,18,4,0,27,6,1,29,2,3,45,8,3,22,1,1,25,2,1,24,3,5,43,6,1,14,3,2,18,2,1
2021-06-20,96,25,5,155,23,7,15,4,0,26,6,1,33,10,4,44,8,3,14,2,0,25,2,1,25,7,1,42,6,1,9,2,0,18,2,1
2021-06-21,168,29,3,153,23,7,27,7,1,25,6,1,40,9,0,42,7,3,25,4,0,24,3,1,50,5,2,42,6,2,26,5,0,20,3,1
2021-06-22,171,34,7,152,25,7,22,3,1,24,5,1,50,7,2,44,7,2,33,3,1,24,3,1,49,14,3,41,7,2,17,7,0,19,3,1
2021-06-23,187,24,5,154,25,7,27,3,1,23,5,1,48,11,1,44,8,2,39,3,0,25,3,1,48,6,3,42,7,2,24,1,0,19,3,1
2021-06-24,175,14,5,152,23,6,18,1,1,21,3,1,51,8,3,44,8,2,30,1,0,25,3,0,47,2,1,41,6,2,29,2,0,20,3,1
2021-06-25,180,18,5,155,22,6,12,4,1,20,4,1,61,8,2,45,8,2,28,2,1,27,2,0,55,4,0,43,6,2,24,0,1,20,3,0
2021-06-26,118,18,3,156,23,5,11,4,0,19,4,1,37,7,2,46,9,2,15,2,1,26,2,0,31,2,0,44,6,1,24,3,0,22,3,0
2021-06-27,110,23,1,158,23,4,17,3,0,19,4,1,29,7,0,45,8,1,19,3,0,27,3,0,23,10,1,43,6,1,22,0,0,24,3,0
2021-06-28,206,26,6,164,22,5,29,3,0,19,3,1,49,8,1,46,8,2,45,5,1,30,3,1,53,8,2,44,7,1,30,3,2,24,2,0
2021-06-29,212,21,4,170,21,4,32,1,1,21,3,1,52,8,2,47,8,2,42,4,0,31,3,0,51,8,1,44,6,1,35,0,0,27,1,0
2021-06-30,226,21,4,175,20,4,30,3,0,21,3,0,75,7,2,51,8,2,43,4,1,32,3,1,51,6,1,44,6,1,27,1,0,27,1,0
2021-07-01,204,31,4,179,23,4,27,3,0,23,3,0,63,10,2,52,8,2,29,3,0,32,3,1,52,7,2,45,6,1,33,8,0,28,2,0
2021-07-02,232,36,6,187,25,4,32,7,1,25,3,0,60,13,0,52,9,1,61,5,1,36,4,1,58,8,4,46,7,2,21,5,0,27,3,0
2021-07-03,146,21,6,191,26,4,18,3,1,26,3,0,41,5,2,53,8,1,29,5,1,38,4,1,33,5,2,46,7,2,25,4,0,28,3,0
2021-07-04,124,23,3,193,26,5,14,1,0,26,3,0,32,9,2,53,9,2,25,5,0,39,4,1,34,7,1,47,7,2,19,2,0,27,3,0
2021-07-05,188,15,2,190,24,4,20,3,1,25,3,1,63,5,0,55,8,1,32,3,0,37,4,0,53,4,1,47,6,2,20,1,0,26,3,0
2021-07-06,364,24,3,212,24,4,48,3,2,27,3,1,125,8,1,66,8,1,77,3,0,42,4,0,80,5,0,52,6,2,32,5,0,25,4,0
2021-07-07,403,23,2,237,25,4,49,2,2,30,3,1,147,9,0,76,8,1,73,3,0,47,4,0,88,7,0,57,6,1,44,2,0,28,4,0
2021-07-08,369,25,2,261,24,3,50,5,1,33,3,1,110,9,0,83,8,1,80,3,1,54,4,0,81,5,0,61,6,1,46,3,0,30,3,0
2021-07-09,370,37,2,281,24,3,56,5,0,36,3,1,110,8,1,90,8,1,84,8,0,57,4,0,88,14,0,65,7,1,32,2,1,31,3,0
2021-07-10,238,20,2,294,24,2,37,2,0,39,3,1,63,6,1,93,8,1,49,3,0,60,4,0,59,9,1,69,7,0,30,0,0,32,2,0
2021-07-11,273,27,4,315,24,2,33,8,1,42,4,1,79,6,2,100,7,1,54,2,0,64,4,0,78,11,0,75,8,0,25,1,1,33,2,0
2021-07-12,477,25,4,356,26,3,70,7,1,49,5,1,176,10,0,116,8,1,86,2,0,72,3,0,109,6,3,83,8,1,35,0,0,35,2,0
2021-07-13,459,26,3,370,26,3,43,6,2,48,5,1,152,7,1,120,8,1,103,3,0,76,3,0,97,8,0,86,9,1,64,3,0,39,2,0
2021-07-14,550,47,2,391,30,3,59,11,0,50,6,1,185,13,2,125,8,1,144,7,0,86,4,0,115,15,0,90,10,1,46,2,0,40,2,0
2021-07-15,552,28,5,417,30,3,70,2,0,53,6,1,171,9,1,134,8,1,128,6,0,93,4,0,129,9,3,96,10,1,54,2,1,41,1,0
2021-07-16,557,37,5,444,30,4,73,7,0,55,6,1,183,17,0,144,10,1,121,3,2,98,4,0,117,10,2,101,10,1,61,1,1,45,1,0
2021-07-17,340,37,6,458,32,4,59,11,2,58,7,1,109,8,0,151,10,1,60,5,1,99,4,0,77,9,3,103,10,2,35,6,0,46,2,0
2021-07-18,394,38,2,476,34,4,36,6,0,59,7,1,141,19,1,160,12,1,83,4,0,104,4,0,105,6,1,107,9,2,29,4,0,46,3,0
2021-07-19,813,53,5,524,38,4,110,9,1,64,7,1,276,19,3,174,13,1,176,8,0,116,5,0,171,16,1,116,10,1,78,3,0,52,3,0
2021-07-20,711,53,4,560,42,4,94,7,1,72,8,1,233,21,2,185,15,1,162,8,0,125,6,0,146,14,1,123,11,2,75,4,0,54,3,0
2021-07-21,894,47,2,609,42,4,128,10,0,81,7,1,308,13,0,203,15,1,198,6,1,133,6,1,197,15,0,135,11,2,63,5,1,56,4,0
2021-07-22,976,52,3,669,45,4,136,15,0,91,9,1,326,17,0,225,16,1,227,6,1,147,6,1,195,11,1,144,12,1,88,4,1,61,4,0
2021-07-23,919,51,3,721,47,4,127,9,0,99,10,1,319,18,0,245,16,1,200,6,2,158,6,1,215,15,1,158,12,1,55,5,0,60,4,0
2021-07-24,552,42,2,751,48,3,58,5,0,98,9,0,188,14,2,256,17,1,111,7,0,165,6,1,141,11,0,167,13,1,54,5,0,63,4,0
2021-07-25,635,41,4,786,48,3,68,8,0,103,9,0,213,10,0,266,16,1,119,7,1,170,7,1,168,12,1,176,13,1,67,4,2,69,4,1
2021-07-26,1228,62,1,845,50,3,156,8,0,110,9,0,423,21,0,287,16,1,261,12,0,183,7,1,273,18,0,191,14,1,114,4,1,74,4,1
2021-07-27,1200,71,5,915,52,3,141,16,1,116,10,0,406,23,1,312,17,0,254,7,1,196,7,1,295,18,1,212,14,1,103,7,1,78,5,1
2021-07-28,1244,76,6,965,56,3,188,13,2,125,11,0,384,15,1,323,17,1,276,14,2,207,8,1,286,32,1,225,17,1,108,3,0,84,5,1
2021-07-29,1290,76,7,1010,60,4,174,11,0,130,10,0,444,21,1,340,17,1,234,14,2,208,10,1,318,18,4,242,18,1,119,13,0,89,6,1
2021-07-30,1282,79,9,1062,64,5,160,18,1,135,11,1,427,19,4,355,18,1,252,11,2,215,10,1,320,28,2,257,20,1,123,3,0,98,6,1
2021-07-31,850,70,4,1104,68,5,126,8,0,145,12,1,263,29,3,366,20,1,152,7,1,221,10,1,214,20,0,268,21,1,95,7,0,104,6,1
2021-08-01,831,48,11,1132,69,6,92,10,0,148,12,1,294,17,2,377,21,2,152,5,2,226,10,1,220,15,5,275,21,2,73,3,2,105,6,1
2021-08-02,1569,75,4,1181,71,7,237,9,0,160,12,1,518,26,2,391,21,2,303,9,1,232,10,2,388,26,1,292,22,2,122,6,0,106,6,0
2021-08-03,1584,99,2,1236,75,6,231,18,1,173,12,1,489,28,0,403,22,2,345,10,1,245,10,2,365,31,0,302,24,2,152,13,0,113,7,0
2021-08-04,1614,89,8,1289,77,6,215,12,1,176,12,0,522,39,5,422,26,2,330,9,0,253,9,1,381,18,1,315,22,2,165,13,1,121,8,0
2021-08-05,1529,89,6,1323,78,6,208,20,1,181,14,1,517,23,2,433,26,3,324,19,0,265,10,1,366,25,2,322,23,2,114,3,1,121,7,1
2021-08-06,1577,115,12,1365,84,7,211,20,0,189,14,0,520,40,5,446,29,3,285,17,4,270,11,1,418,28,2,336,23,2,141,11,1,123,8,1
2021-08-07,1149,87,14,1408,86,8,179,18,2,196,15,1,373,28,5,462,29,3,179,12,2,274,12,1,293,21,3,347,23,2,125,8,2,127,8,1
2021-08-08,1071,99,6,1442,93,7,155,19,1,205,17,1,321,25,2,466,30,3,162,16,0,275,13,1,301,29,1,359,25,1,131,10,2,136,9,1
2021-08-09,1890,131,9,1488,101,8,289,29,0,213,19,1,625,46,3,481,33,3,308,16,3,276,14,1,495,41,3,374,28,2,172,0,0,143,8,1
2021-08-10,1666,119,6,1499,104,9,265,36,0,217,22,1,535,34,4,488,34,4,306,16,1,271,15,1,408,29,0,380,27,2,152,6,1,143,7,1
2021-08-11,1753,138,9,1519,111,9,262,29,2,224,24,1,546,40,1,491,34,3,354,12,3,274,15,2,438,38,3,388,30,2,151,19,0,141,8,1
2021-08-12,1758,125,6,1552,116,9,232,22,2,228,25,1,578,38,1,500,36,3,324,20,3,274,16,2,451,32,0,401,31,2,172,15,0,149,10,1
2021-08-13,1601,140,9,1555,120,8,267,30,2,236,26,1,499,48,3,497,37,3,294,16,1,275,15,2,394,40,3,397,33,2,145,7,0,150,9,1
2021-08-14,1048,93,10,1541,121,8,145,18,1,231,26,1,348,30,4,493,37,3,206,11,1,279,15,2,253,20,3,391,33,2,96,16,1,146,10,1
2021-08-15,1145,113,6,1552,123,8,140,15,1,229,26,1,421,42,2,507,40,3,199,24,1,284,16,2,304,25,1,392,32,2,81,8,1,138,10,0
2021-08-16,1928,131,6,1557,123,7,328,27,1,234,25,1,626,45,2,508,40,2,352,15,1,291,16,2,479,42,0,390,32,1,143,7,2,134,11,1
2021-08-17,1745,136,15,1568,125,9,296,32,6,239,25,2,595,41,4,516,41,2,302,17,1,290,16,2,418,35,3,391,33,2,133,13,1,132,12,1
2021-08-18,1814,111,13,1577,121,9,273,24,1,240,24,2,555,36,4,517,40,3,362,16,0,291,17,1,461,24,5,394,31,2,162,12,3,133,11,1
2021-08-19,1694,99,14,1568,118,10,264,20,2,245,24,2,543,30,7,512,39,4,325,13,1,291,16,1,420,25,2,390,30,2,136,10,2,128,10,1
2021-08-20,1561,123,6,1562,115,10,284,36,0,247,25,2,505,34,3,513,37,4,296,18,0,292,16,1,349,25,3,383,28,2,125,11,0,125,11,1
2021-08-21,1091,115,16,1568,118,11,180,26,1,252,26,2,338,34,7,512,37,4,183,19,1,288,17,1,272,32,7,386,30,3,118,4,0,128,9,1
2021-08-22,718,106,10,1507,117,11,104,23,3,247,27,2,276,33,5,491,36,5,98,16,0,274,16,1,156,28,0,365,30,3,84,7,2,129,9,1
2021-08-23,1953,119,12,1511,116,12,289,34,1,241,28,2,643,31,5,494,34,5,368,19,0,276,17,0,492,29,5,367,28,4,161,7,1,131,9,1
2021-08-24,1837,108,11,1524,112,12,300,18,3,242,26,2,613,39,3,496,34,5,349,15,1,283,17,0,405,32,2,365,28,3,168,5,2,136,8,1
2021-08-25,1787,110,8,1520,111,11,287,27,3,244,26,2,570,32,4,498,33,5,371,19,1,284,17,1,385,31,0,354,29,3,170,4,0,137,7,1
2021-08-26,1645,104,13,1513,112,11,252,25,2,242,27,2,526,34,4,496,34,4,325,11,2,284,17,1,389,31,2,350,30,3,150,8,3,139,7,1
2021-08-27,1451,109,10,1497,110,11,242,27,0,236,26,2,463,36,4,490,34,5,266,14,2,280,16,1,347,25,4,349,30,3,133,9,0,141,6,1
2021-08-28,985,84,14,1482,106,11,172,13,1,235,24,2,296,26,7,484,33,5,152,14,1,276,15,1,252,30,4,347,29,2,112,3,1,140,6,1
2021-08-29,989,92,13,1521,104,12,138,25,2,240,24,2,342,29,7,493,32,5,161,11,0,285,15,1,257,22,3,361,29,3,91,8,1,141,6,1
2021-08-30,1840,122,13,1505,104,12,305,33,1,242,24,2,583,38,4,485,33,5,375,13,1,286,14,1,392,32,6,347,29,3,182,8,1,144,6,1
2021-08-31,1624,124,10,1474,106,12,259,31,1,236,26,1,531,35,3,473,33,5,306,25,2,279,15,1,326,24,2,335,28,3,202,12,2,149,7,1
2021-09-01,1558,130,13,1442,109,12,224,30,3,227,26,1,487,34,2,461,33,4,347,23,2,276,16,1,360,37,6,332,29,4,140,9,0,144,8,1
2021-09-02,1431,93,11,1411,108,12,211,31,2,222,27,1,478,23,3,454,32,4,263,6,3,267,15,2,304,24,3,320,28,4,174,11,0,148,9,1
2021-09-03,1422,78,8,1407,103,12,216,17,3,218,26,2,429,26,3,449,30,4,248,11,1,265,15,1,331,22,0,317,27,3,197,4,1,157,8,1
2021-09-04,905,108,12,1396,107,11,126,22,3,211,27,2,255,37,4,444,32,4,154,13,1,265,15,1,260,32,3,319,28,3,110,6,1,157,8,1
2021-09-05,953,76,13,1390,104,11,138,16,3,211,26,2,333,25,3,442,31,3,158,10,3,264,14,2,214,18,3,312,27,3,110,7,1,159,8,1
2021-09-06,944,77,17,1262,98,12,164,18,5,191,24,3,275,25,6,398,29,3,181,11,0,237,14,2,226,21,5,289,25,3,98,6,1,147,8,1
2021-09-07,1571,113,7,1255,96,12,285,19,4,195,22,3,434,34,2,384,29,3,307,26,0,237,14,1,372,27,1,295,26,3,171,7,0,143,7,1
2021-09-08,1590,98,21,1259,92,13,234,22,1,196,21,3,465,29,9,381,28,4,370,21,3,240,14,2,389,25,6,299,24,3,131,3,2,142,6,1
2021-09-09,1713,100,18,1300,93,14,241,38,3,201,22,3,630,27,3,403,29,4,313,11,3,247,15,2,400,19,8,313,23,4,129,8,1,135,6,1
2021-09-10,1548,99,15,1318,96,15,232,26,2,203,23,3,504,30,6,414,30,5,302,11,1,255,15,2,378,27,6,320,24,5,131,6,0,126,6,1
2021-09-11,1036,85,15,1336,93,15,139,14,1,205,22,3,335,29,8,425,28,5,169,12,0,257,15,1,288,22,5,324,23,5,104,8,1,125,6,1
2021-09-12,1213,88,11,1374,94,15,127,14,3,203,22,3,504,30,2,450,29,5,222,14,2,266,15,1,258,26,3,330,24,5,102,6,1,124,6,1
2021-09-13,1738,104,12,1487,98,14,223,15,3,212,21,2,633,35,4,501,31,5,370,24,1,293,17,1,389,21,2,353,24,4,122,9,2,127,7,1
2021-09-14,1642,82,9,1497,94,14,201,12,1,200,20,2,609,31,6,526,30,5,311,20,1,294,16,2,372,16,1,353,22,4,147,6,0,124,7,1
2021-09-15,1609,96,10,1500,93,13,233,13,0,199,19,2,549,36,5,538,31,5,320,7,0,287,14,1,353,30,4,348,23,4,152,11,1,127,8,1
2021-09-16,1387,84,11,1453,91,12,192,21,2,192,16,2,451,21,2,512,30,5,284,11,2,283,14,1,322,27,4,337,24,4,135,7,1,128,8,1
2021-09-17,1525,90,11,1450,90,11,174,13,2,184,15,2,560,29,6,520,30,5,322,19,1,285,15,1,365,26,1,335,24,3,104,5,1,124,7,1
2021-09-18,956,87,10,1439,90,11,107,17,2,180,15,2,357,30,1,523,30,4,138,17,1,281,16,1,264,22,6,332,24,3,89,3,0,122,7,1
2021-09-19,1057,71,16,1416,88,11,140,8,2,181,14,2,464,26,9,518,30,5,161,13,1,272,16,1,213,15,4,325,22,3,79,9,0,118,7,1
2021-09-20,1641,99,16,1402,87,12,244,26,2,184,16,2,545,28,7,505,29,5,296,19,2,262,15,1,403,19,4,327,22,3,150,8,1,122,7,1
2021-09-21,1302,86,13,1354,88,12,202,18,1,185,17,2,397,26,4,475,28,5,283,14,2,258,14,1,324,23,6,321,23,4,95,5,0,115,7,1
2021-09-22,1415,97,13,1326,88,13,205,19,2,181,17,2,509,35,6,469,28,5,280,14,0,252,15,1,307,24,5,314,22,4,111,5,0,109,6,0
2021-09-23,1290,101,12,1312,90,13,139,16,2,173,17,2,513,44,2,478,31,5,222,11,1,243,15,1,324,21,5,314,21,4,89,9,2,102,6,1
2021-09-24,1222,82,8,1269,89,13,156,10,4,170,16,2,452,35,2,462,32,4,238,13,0,231,14,1,294,24,2,304,21,5,80,2,0,99,6,0
2021-09-25,814,69,15,1249,86,13,100,15,3,169,16,2,309,25,5,456,31,5,131,5,1,230,13,1,191,21,5,294,21,4,82,4,1,98,6,1
2021-09-26,856,55,15,1220,84,13,97,10,3,163,16,2,333,21,5,437,31,4,139,7,0,227,12,1,201,13,3,292,21,4,86,4,4,99,5,1
2021-09-27,1391,75,18,1184,81,13,185,17,5,155,15,3,518,29,4,433,31,4,254,7,3,221,10,1,323,20,6,281,21,5,110,4,0,93,5,1
2021-09-28,1118,66,13,1158,78,13,158,11,2,149,14,3,355,20,5,427,30,4,211,10,2,211,10,1,296,22,4,277,21,4,97,6,0,94,5,1
2021-09-29,1096,64,13,1112,73,13,150,16,1,141,14,3,368,24,3,407,28,4,211,8,1,201,9,1,269,13,6,271,19,4,96,4,2,91,5,1
2021-09-30,1139,64,8,1091,68,13,151,13,0,142,13,3,455,22,3,399,25,4,200,7,0,198,8,1,240,17,4,259,19,4,92,6,1,92,4,1
2021-10-01,1087,82,8,1072,68,13,134,17,1,139,14,2,408,29,2,392,24,4,213,9,1,194,8,1,256,31,3,254,20,4,76,2,1,91,4,1
2021-10-02,681,64,12,1053,67,12,75,18,2,136,15,2,280,18,4,388,23,4,122,6,0,193,8,1,156,21,6,249,20,5,48,4,0,86,4,1
2021-10-03,907,63,12,1060,68,12,67,11,3,131,15,2,458,28,4,406,24,4,95,10,3,187,8,1,217,16,2,251,20,4,69,2,0,84,4,1
2021-10-04,1271,78,12,1043,69,11,158,16,5,128,15,2,512,30,3,405,24,3,220,10,1,182,9,1,293,19,2,247,20,4,88,3,1,81,4,1
2021-10-05,1270,72,6,1064,70,10,168,10,1,129,14,2,506,29,1,427,26,3,224,14,0,184,9,1,267,14,3,243,19,4,105,5,1,82,4,1
2021-10-06,1147,63,15,1072,69,10,138,13,4,127,14,2,487,13,6,444,24,3,218,11,2,185,10,1,230,23,1,237,20,3,74,7,2,79,4,1
2021-10-07,1079,62,13,1063,69,11,121,15,3,123,14,3,406,13,2,437,23,3,181,8,3,182,10,1,272,20,4,242,21,3,98,6,1,80,4,1
2021-10-08,1012,46,17,1052,64,12,126,8,0,122,13,3,451,15,7,443,21,4,167,11,2,175,10,2,190,11,6,232,18,3,77,3,2,80,4,1
2021-10-09,612,69,8,1043,65,12,67,14,0,121,12,2,250,26,3,439,22,4,95,10,1,171,11,2,145,15,4,231,17,3,55,4,0,81,4,1
2021-10-10,688,51,16,1011,63,12,62,11,1,120,12,2,308,20,5,417,21,4,94,7,3,171,10,2,151,7,3,221,16,3,72,7,4,81,5,2
2021-10-11,934,56,9,963,60,12,108,9,1,113,11,1,363,17,1,396,19,4,173,10,0,165,10,2,223,15,6,211,15,4,67,5,1,78,5,2
2021-10-12,1143,49,3,945,57,12,128,7,0,107,11,1,463,15,1,390,17,4,201,9,0,161,9,2,239,18,1,207,16,4,112,4,1,79,5,2
2021-10-13,1110,73,9,940,58,11,121,14,1,105,11,1,410,27,2,379,19,3,227,14,0,163,10,1,237,14,5,208,14,4,114,8,1,85,5,1
2021-10-14,1025,49,8,932,56,10,109,11,0,103,11,0,426,12,2,382,19,3,174,8,1,162,10,1,205,17,4,199,14,4,111,2,1,87,5,1
2021-10-15,886,61,7,914,58,9,112,11,2,101,11,1,322,12,2,363,18,2,164,14,0,161,10,1,207,20,3,201,15,4,81,4,0,87,5,1
2021-10-16,489,56,6,896,56,8,56,10,0,99,10,1,194,20,4,355,18,2,55,5,0,155,10,1,137,16,1,200,15,3,47,6,1,86,5,1
2021-10-17,586,47,9,882,56,7,49,2,2,98,9,1,260,29,3,348,19,2,80,7,1,153,10,0,131,9,3,197,16,3,66,2,0,85,4,1
2021-10-18,873,58,11,873,56,8,108,10,1,98,9,1,363,20,5,348,19,3,142,2,1,149,8,0,179,18,3,191,16,3,80,9,1,87,5,1
2021-10-19,797,51,10,824,56,9,93,12,1,93,10,1,313,17,3,327,20,3,136,8,2,140,8,1,172,11,3,181,15,3,83,3,1,83,5,1
2021-10-20,800,53,7,779,54,8,99,9,1,89,9,1,294,19,4,310,18,3,157,9,0,130,8,1,175,9,2,172,14,3,75,7,0,78,5,1
2021-10-21,810,50,13,749,54,9,85,6,2,86,9,1,341,18,3,298,19,3,131,3,1,124,7,1,166,18,6,167,14,3,87,6,1,74,5,1
2021-10-22,695,49,9,721,52,9,86,12,2,82,9,1,262,19,1,290,20,3,131,5,1,119,6,1,139,11,3,157,13,3,76,3,2,73,5,1
2021-10-23,451,42,10,716,50,10,55,7,1,82,8,1,162,15,4,285,20,3,94,6,0,124,6,1,79,10,5,149,12,4,61,6,0,75,5,1
2021-10-24,445,44,14,696,50,11,37,8,3,80,9,2,198,16,4,276,18,3,68,7,0,123,6,1,83,9,4,142,12,4,58,4,3,74,5,1
2021-10-25,895,35,9,699,46,10,94,5,2,78,8,2,363,13,5,276,17,3,168,4,0,126,6,1,186,11,2,143,11,4,82,2,0,75,4,1
2021-10-26,597,43,8,670,45,10,64,6,2,74,8,2,238,19,2,265,17,3,101,4,1,121,5,0,125,9,2,136,11,3,69,5,1,73,5,1
2021-10-27,758,50,9,664,45,10,100,8,0,74,7,2,288,18,5,265,17,3,146,8,1,120,5,1,153,14,3,133,12,4,71,2,0,72,4,1
2021-10-28,738,40,7,654,43,9,82,9,1,74,8,2,311,12,2,260,16,3,122,10,1,119,6,1,145,8,2,130,10,3,77,1,1,71,3,1
2021-10-29,641,32,4,646,41,9,87,6,1,74,7,1,230,8,0,256,14,3,123,8,1,117,7,1,145,8,2,131,10,3,56,3,0,68,3,1
2021-10-30,399,30,9,639,39,9,40,6,0,72,7,1,158,12,2,255,14,3,61,3,3,113,6,1,101,5,4,134,9,3,39,4,0,65,3,1
2021-10-31,446,31,7,639,37,8,47,5,0,73,6,1,199,8,0,255,13,2,59,8,1,111,6,1,109,8,5,138,9,3,32,3,1,61,3,0
2021-11-01,779,39,4,623,38,7,74,7,0,71,7,1,313,12,2,248,13,2,141,4,1,108,6,1,195,13,1,139,9,3,56,4,0,57,3,0
2021-11-02,805,51,9,652,39,7,78,11,1,73,7,0,302,19,3,257,13,2,173,4,0,118,6,1,191,10,2,148,9,3,60,7,3,56,3,1
2021-11-03,825,53,7,662,39,7,75,12,1,69,8,1,300,24,2,259,14,2,181,5,1,123,6,1,202,9,3,155,9,3,66,4,0,55,4,1
2021-11-04,906,39,4,686,39,6,108,6,0,73,8,0,349,14,3,264,14,2,208,3,0,135,5,1,186,15,0,161,10,2,53,3,1,52,4,1
2021-11-05,769,34,5,704,40,6,90,9,1,73,8,0,290,13,3,273,15,2,148,4,0,139,4,1,186,5,1,167,9,2,54,4,0,51,4,1
2021-11-06,508,40,11,720,41,7,57,11,1,76,9,1,198,15,2,279,15,2,74,4,0,141,5,0,136,8,4,172,10,2,42,3,4,52,4,1
2021-11-07,542,34,8,733,41,7,46,4,0,75,9,1,205,16,3,280,16,3,104,1,1,147,4,0,135,10,2,176,10,2,52,5,2,55,4,1
2021-11-08,1135,44,9,784,42,8,140,13,2,85,9,1,401,16,1,292,17,2,230,2,1,160,3,0,270,8,4,187,9,2,93,6,1,60,5,2
2021-11-09,1036,34,12,817,40,8,100,6,3,88,9,1,358,9,5,300,15,3,243,5,0,170,3,0,245,11,2,194,9,2,90,5,2,64,4,1
2021-11-10,1047,46,7,849,39,8,122,12,0,95,9,1,363,16,3,309,14,3,237,4,1,178,3,0,255,12,2,202,10,2,67,2,1,64,4,2
2021-11-11,874,50,6,844,40,8,90,10,1,92,9,1,345,22,4,309,15,3,167,3,0,172,3,0,225,13,1,207,10,2,46,3,0,63,4,1
2021-11-12,1028,42,14,881,41,10,109,8,2,95,9,1,372,17,6,320,16,3,201,6,1,179,4,1,256,12,2,217,11,2,89,0,3,68,3,2
2021-11-13,614,43,5,897,42,9,65,5,1,96,8,1,241,20,3,326,17,4,105,4,0,184,4,1,153,10,0,220,11,2,50,6,1,70,4,1
2021-11-14,686,39,6,917,43,8,47,3,2,96,8,2,257,17,1,334,17,3,142,4,1,189,4,1,169,12,1,225,11,2,70,5,1,72,4,1
2021-11-15,1262,48,9,935,43,8,136,8,2,96,7,2,427,9,3,338,16,4,253,11,2,193,5,1,320,16,2,232,12,1,126,4,0,77,4,1
2021-11-16,1272,42,10,969,44,8,151,7,2,103,8,1,430,8,1,348,16,3,286,9,1,199,6,1,303,13,4,240,13,2,100,6,2,78,4,1
2021-11-17,1329,52,7,1009,45,8,163,12,1,109,8,2,432,17,1,358,16,3,281,10,2,205,7,1,354,11,2,254,12,2,99,4,1,83,4,1
2021-11-18,1310,54,8,1072,46,8,172,13,2,120,8,2,428,20,3,370,15,3,297,2,0,224,7,1,318,16,3,268,13,2,95,4,0,90,4,1
2021-11-19,1184,51,8,1094,47,8,114,4,1,121,7,2,353,18,2,367,16,2,268,6,1,233,7,1,330,21,4,278,14,2,119,4,0,94,5,1
2021-11-20,826,47,10,1124,48,8,71,8,2,122,8,2,279,17,3,372,15,2,143,6,1,239,7,1,253,13,4,292,15,3,80,3,0,98,4,1
2021-11-21,840,42,4,1146,48,8,74,4,1,126,8,2,293,14,1,377,15,2,149,9,0,240,8,1,233,13,2,302,15,3,91,3,0,101,4,0
2021-11-22,1528,56,6,1184,49,8,152,12,0,128,9,1,517,15,3,390,16,2,297,6,0,246,7,1,413,18,2,315,15,3,148,5,1,105,4,1
2021-11-23,1377,64,6,1199,52,7,144,10,1,127,9,1,482,21,4,398,17,2,285,4,0,246,6,1,354,20,1,322,16,3,111,11,0,106,5,0
2021-11-24,1416,69,12,1212,55,8,160,16,2,127,10,1,460,18,6,402,18,3,255,12,1,242,6,0,386,16,2,327,17,3,155,8,1,114,5,0
2021-11-25,531,68,8,1100,57,8,35,11,0,107,9,1,189,26,3,368,18,3,103,5,0,214,7,0,148,23,3,302,18,3,56,3,2,109,5,1
2021-11-26,1170,75,9,1098,60,8,142,15,1,111,11,1,364,19,2,369,19,3,198,10,1,204,7,0,352,23,4,306,18,3,113,10,1,108,6,1
2021-11-27,971,63,9,1119,62,8,100,7,1,115,11,1,302,22,3,372,19,3,157,13,1,206,8,0,306,18,2,313,19,2,105,5,2,111,6,1
2021-11-28,1059,58,9,1150,65,8,89,9,2,117,11,1,318,16,1,376,20,3,190,6,0,212,8,0,333,25,6,327,20,3,128,5,0,117,7,1
2021-11-29,2330,83,10,1265,69,9,287,13,1,137,12,1,662,31,5,397,22,3,455,10,1,235,9,1,685,22,3,366,21,3,238,8,0,129,7,1
2021-11-30,2006,90,7,1355,72,9,278,20,0,156,13,1,577,22,4,410,22,3,395,11,0,250,10,1,574,34,2,398,23,3,179,6,1,139,6,1
2021-12-01,2180,89,15,1464,75,10,279,15,3,173,13,1,700,30,7,445,24,4,395,18,0,270,10,0,584,26,3,426,24,3,220,4,2,148,6,1
2021-12-02,2106,91,15,1689,78,11,307,16,4,212,14,2,629,34,6,507,25,4,395,14,1,312,12,1,559,23,3,485,24,3,213,7,1,171,6,1
2021-12-03,1895,105,13,1792,83,11,241,23,1,226,15,2,580,25,7,538,26,5,318,17,1,329,13,1,554,35,2,514,26,3,201,8,2,183,6,1
2021-12-04,1321,86,11,1842,86,11,172,17,2,236,16,2,382,31,4,550,27,5,186,14,2,333,13,1,412,21,3,529,27,3,169,4,0,193,6,1
2021-12-05,1403,104,14,1892,93,12,122,17,0,241,17,2,463,31,6,570,29,6,237,16,4,340,14,1,418,31,4,541,27,3,162,10,0,197,7,1
2021-12-06,2797,141,8,1958,101,12,365,23,2,252,19,2,849,59,3,597,33,5,580,16,1,358,15,1,749,38,2,550,30,3,252,6,0,199,6,1
2021-12-07,2918,134,15,2089,107,13,333,30,5,260,20,2,895,39,4,643,36,5,676,17,0,398,16,1,741,42,3,574,31,3,268,9,3,212,7,1
2021-12-08,3136,141,7,2225,115,12,339,27,2,268,22,2,982,50,1,683,38,4,808,20,0,457,16,1,738,48,4,596,34,3,263,5,0,218,7,1
2021-12-09,3021,140,10,2356,122,11,354,32,4,275,24,2,913,40,3,723,39,4,733,17,1,505,17,1,746,44,2,623,37,3,268,8,0,226,7,1
2021-12-10,3086,167,16,2526,130,12,345,45,2,290,27,2,983,50,7,781,43,4,728,26,1,564,18,1,775,40,6,654,38,3,253,15,0,234,8,0
2021-12-11,2158,131,8,2646,137,11,267,28,1,304,29,2,619,43,1,815,45,4,483,16,4,606,18,2,591,36,2,680,40,3,193,11,0,237,9,0
2021-12-12,2794,138,17,2844,142,12,258,27,5,323,30,3,869,46,7,873,47,4,790,16,0,685,18,1,661,41,4,714,41,3,213,11,1,244,9,1
2021-12-13,7525,198,20,3520,150,13,743,38,1,377,32,3,2389,59,6,1093,47,4,2373,37,2,942,21,1,1575,61,9,832,45,4,440,11,2,271,10,1
2021-12-14,10864,205,18,4655,160,14,924,39,1,461,34,2,3417,66,6,1453,51,4,4084,40,3,1428,25,2,1937,58,5,1003,47,5,498,10,3,304,10,1
2021-12-15,13158,226,10,6087,172,14,1093,53,5,569,37,3,4119,74,1,1901,54,4,4931,35,2,2017,27,2,2404,55,1,1241,48,4,607,14,1,353,11,1
2021-12-16,13842,335,13,7632,200,15,1328,96,2,708,47,2,4510,103,4,2415,63,5,4775,57,4,2595,32,2,2617,77,1,1509,53,4,609,16,2,402,13,1
2021-12-17,13539,309,23,9126,220,16,1510,82,2,875,52,2,4274,79,12,2885,67,5,4277,56,3,3102,37,3,2762,79,5,1792,58,4,711,19,1,467,13,1
2021-12-18,9942,295,18,10238,244,17,1060,55,2,988,56,3,3239,102,7,3260,76,6,2696,45,3,3418,41,2,2327,72,5,2040,63,4,613,21,1,527,15,2
2021-12-19,10544,352,25,11345,274,18,1069,89,5,1104,65,3,3432,111,12,3626,85,7,2709,56,4,3692,47,3,2631,85,3,2322,70,4,694,18,1,596,16,2
2021-12-20,27931,422,13,14260,306,17,3651,81,2,1519,71,3,8924,149,9,4559,98,7,7892,78,2,4481,52,3,5988,100,0,2952,75,3,1459,26,0,742,18,1
2021-12-21,30352,463,11,17044,343,16,4587,102,2,2043,80,3,9422,145,1,5417,109,7,7056,79,2,4905,58,3,7454,124,4,3740,85,3,1821,19,2,931,19,1
2021-12-22,31332,694,28,19640,410,19,5506,183,3,2673,98,3,9434,197,12,6176,127,8,6283,116,2,5098,70,3,8139,183,10,4560,103,4,1965,25,1,1125,21,1
2021-12-23,31764,703,23,22201,463,20,5366,186,2,3250,111,3,9589,219,5,6902,143,8,6305,115,4,5317,78,3,8545,164,8,5407,115,5,1951,30,4,1316,23,1
2021-12-24,17437,584,40,22757,502,23,2940,145,9,3454,120,4,5566,209,18,7087,162,9,3066,82,1,5144,82,3,4859,135,10,5706,123,6,1001,20,2,1358,23,2
2021-12-25,7779,617,33,22448,548,25,1414,144,7,3505,133,4,2337,207,7,6958,177,9,1407,115,5,4960,92,3,2159,140,9,5682,133,6,458,23,5,1336,23,2
2021-12-26,22924,752,34,24217,605,26,3721,182,4,3884,146,4,7198,265,11,7496,199,9,3583,113,4,5085,100,3,6553,164,12,6242,144,8,1865,34,3,1503,25,2
2021-12-27,51141,983,35,27533,685,29,9804,276,8,4763,174,5,14997,330,9,8363,225,9,8446,148,5,5164,110,3,14178,200,12,7412,159,9,3709,37,1,1824,27,3
2021-12-28,49373,876,38,30250,744,33,9795,205,6,5507,189,6,14071,279,13,9027,244,11,7906,152,5,5285,120,4,14292,209,13,8389,171,11,3299,41,1,2035,30,2
2021-12-29,50349,965,44,32967,783,35,10093,269,15,6162,201,7,14257,302,17,9716,259,11,7705,135,6,5488,123,4,14700,222,4,9327,176,10,3580,53,2,2266,34,3
2021-12-30,47065,1056,35,35153,833,37,9306,307,5,6725,218,8,13343,336,17,10253,275,13,7453,162,4,5652,130,4,13871,208,9,10087,183,10,3083,56,0,2428,38,2
2021-12-31,29008,844,56,36806,870,39,5129,173,9,7037,222,8,8682,298,19,10698,288,13,4564,139,10,5866,138,6,8939,201,16,10670,192,11,1689,43,2,2526,41,2
2022-01-01,11992,886,57,37407,909,43,1988,209,15,7119,232,9,3501,268,17,10864,297,15,1918,157,9,5939,144,6,3712,210,15,10892,202,12,873,52,1,2585,45,1
2022-01-02,32419,1316,62,38764,989,47,4913,362,11,7290,257,10,10112,374,19,11280,312,16,5067,222,7,6151,159,7,9851,319,22,11363,224,13,2468,60,3,2672,49,1
2022-01-03,54804,1152,67,39287,1014,51,10546,359,11,7396,269,10,16559,327,25,11504,312,18,9090,185,8,6243,165,7,15185,264,21,11507,233,14,3404,29,2,2628,48,2
2022-01-04,48987,1035,76,39232,1036,57,10236,326,12,7459,286,11,13775,287,31,11461,313,21,8694,153,9,6356,165,8,13330,226,18,11370,236,15,2945,51,6,2577,49,2
2022-01-05,40057,1152,81,37762,1063,62,7936,299,11,7151,291,11,11123,371,23,11014,323,22,7068,173,15,6265,170,9,11403,266,25,10899,242,18,2525,58,7,2427,50,3
2022-01-06,36179,972,93,36207,1051,70,6957,281,13,6815,287,12,10393,273,30,10592,314,23,6309,156,23,6101,169,12,10425,221,23,10406,244,20,2085,47,4,2284,49,4
2022-01-07,23058,840,87,35357,1050,75,4206,214,12,6683,293,12,6811,268,24,10325,310,24,4310,138,15,6065,169,12,6419,190,34,10046,242,23,1308,41,2,2230,48,4
2022-01-08,16111,777,97,35945,1035,80,2686,206,12,6783,292,12,4799,227,41,10510,304,28,2510,130,10,6150,165,12,5016,174,28,10233,237,24,1099,46,6,2262,47,4
2022-01-09,14293,739,121,33356,952,89,1858,168,22,6346,265,13,4675,230,47,9734,283,32,2101,129,16,5726,152,14,4535,170,30,9473,216,26,1120,43,6,2069,45,5
2022-01-10,24282,937,110,28995,922,95,4395,264,20,5468,251,15,7277,260,37,8408,274,33,3967,155,20,4994,148,15,7094,213,25,8317,209,26,1545,55,8,1804,49,6
2022-01-11,18070,788,131,24579,886,103,3285,193,23,4475,232,16,5371,259,44,7207,270,35,2747,126,19,4145,144,17,5385,178,40,7182,202,29,1279,44,5,1566,48,5
2022-01-12,18377,775,120,21481,833,108,3012,169,25,3771,214,18,5643,240,44,6424,251,38,3203,120,25,3592,136,18,5402,209,22,6325,194,29,1114,45,4,1364,46,5
2022-01-13,15927,739,126,18588,799,113,2499,162,18,3134,197,19,5117,219,45,5670,243,40,2539,124,24,3054,132,18,4800,204,33,5522,191,30,970,42,6,1205,45,5
2022-01-14,13295,697,130,17194,779,119,2208,179,28,2849,192,21,4116,210,40,5285,235,43,2321,117,17,2770,129,19,3839,168,40,5153,188,31,807,31,5,1133,44,6
2022-01-15,6750,523,100,15856,743,120,891,117,14,2593,179,21,2227,178,40,4918,228,42,976,73,18,2551,121,20,2119,120,25,4739,180,31,537,42,3,1053,43,5
2022-01-16,6867,456,114,14795,702,119,794,102,20,2441,169,21,2424,136,49,4596,215,43,1178,66,17,2419,112,20,2018,123,25,4380,174,30,453,33,3,958,42,5
2022-01-17,9601,542,106,12698,646,118,1183,104,23,1982,147,22,3348,168,30,4035,201,42,1636,83,13,2086,101,19,2751,140,32,3759,163,31,680,49,8,834,41,5
2022-01-18,10915,520,119,11676,607,116,1618,127,28,1744,137,22,3574,150,36,3778,186,41,2062,87,13,1988,96,18,2951,140,35,3411,158,30,708,22,7,753,38,5
2022-01-19,8996,447,91,10336,561,112,1255,105,17,1493,128,21,2970,135,28,3397,171,38,1737,67,13,1778,88,16,2467,106,25,2992,143,31,560,35,8,674,36,6
2022-01-20,7020,468,116,9063,522,111,952,102,17,1272,119,21,2306,157,35,2995,162,37,1434,86,25,1621,83,17,1879,103,33,2575,129,31,449,24,6,599,34,6
2022-01-21,5788,404,107,7991,480,108,760,105,19,1065,109,20,1785,138,42,2662,152,37,1148,74,14,1453,77,16,1705,80,26,2270,116,29,389,16,6,539,32,6
2022-01-22,3635,324,84,7546,452,105,465,81,10,1004,104,19,1205,97,36,2516,140,37,535,45,6,1390,73,14,1156,85,24,2132,111,29,274,19,8,502,28,7
2022-01-23,3392,282,101,7050,427,103,352,60,18,941,98,19,1230,87,37,2345,133,35,602,42,18,1308,69,15,981,79,26,1984,105,29,227,17,2,470,26,6
2022-01-24,5808,362,111,6508,401,104,784,113,16,884,99,18,1943,100,42,2145,123,37,1180,63,10,1243,66,14,1498,74,29,1805,95,28,399,15,14,429,21,7
2022-01-25,4752,353,101,5627,377,102,581,87,19,736,93,17,1600,120,37,1863,119,37,991,43,18,1090,60,15,1250,80,25,1562,87,27,329,25,2,375,22,7
2022-01-26,4192,291,109,4941,355,104,519,64,24,630,87,18,1450,89,29,1646,113,37,896,46,16,969,57,15,1076,74,35,1364,82,28,250,20,5,331,19,6
2022-01-27,3633,282,79,4457,328,99,444,56,13,558,81,17,1189,96,26,1486,104,36,783,45,9,876,51,13,954,58,23,1231,76,27,259,30,8,304,20,6
2022-01-28,2722,213,96,4019,301,97,307,48,15,493,73,16,892,56,30,1358,92,34,564,43,17,793,47,13,760,52,20,1096,72,26,197,16,14,276,20,8
2022-01-29,512,143,76,3573,275,96,69,24,13,437,65,17,142,52,28,1207,86,33,145,21,13,737,43,14,127,39,18,949,65,25,29,9,4,241,19,7
2022-01-30,1425,145,86,3292,256,94,138,23,16,406,59,17,489,52,32,1101,81,32,316,17,9,696,40,13,365,37,24,861,59,25,117,17,5,226,19,7
2022-01-31,3113,212,85,2907,234,90,640,58,13,385,51,16,905,72,34,952,77,31,638,21,13,619,34,14,707,48,18,748,55,23,222,16,7,200,19,6
2022-02-01,2242,177,69,2548,209,86,282,32,12,343,44,15,758,60,20,832,68,28,523,23,8,552,31,12,527,53,27,645,52,24,148,11,2,175,17,6
2022-02-02,2318,167,92,2281,191,83,261,39,12,306,40,13,829,52,31,743,63,29,525,15,14,499,26,12,541,51,27,569,48,22,159,11,8,162,16,7
2022-02-03,2001,142,71,2048,171,82,253,32,12,279,37,13,751,57,21,681,57,28,418,17,14,447,22,13,458,28,16,498,44,21,121,11,8,142,13,7
2022-02-04,1539,155,50,1879,163,76,176,24,11,260,33,13,495,45,11,624,56,25,323,28,11,413,20,12,427,46,13,450,43,20,117,14,4,130,13,5
2022-02-05,943,118,50,1940,159,72,118,30,14,267,34,13,296,33,12,646,53,23,193,19,10,419,20,11,266,30,12,470,42,20,70,7,2,136,12,5
2022-02-06,864,106,53,1860,154,67,70,17,9,257,33,12,262,26,21,614,49,21,216,16,9,405,20,11,238,39,7,452,42,17,78,9,7,131,11,5
2022-02-07,1603,107,38,1644,139,60,190,21,6,193,28,11,531,35,18,560,44,19,368,19,4,367,20,10,403,29,6,409,39,15,111,4,4,115,10,5
2022-02-08,1513,129,56,1540,132,59,195,36,8,180,28,10,529,47,28,528,42,20,375,13,6,345,18,10,313,29,12,378,36,13,101,5,2,108,9,5
2022-02-09,1313,115,50,1397,125,53,159,25,8,166,26,10,402,40,14,467,40,18,341,15,8,319,18,9,329,29,16,348,33,12,80,7,4,97,8,4
2022-02-10,1218,89,40,1285,117,48,128,20,4,148,25,9,399,34,14,416,37,17,295,15,5,302,18,8,324,16,11,329,31,11,72,4,6,90,7,4
2022-02-11,983,110,43,1205,111,47,133,24,10,142,25,8,317,34,11,391,36,17,236,12,7,289,16,7,229,30,10,300,29,11,67,10,5,83,7,4
2022-02-12,635,72,32,1161,104,45,68,15,7,135,23,7,213,24,7,379,34,16,145,15,4,282,15,6,150,10,10,284,26,10,59,8,4,81,7,5
2022-02-13,458,57,43,1103,97,43,54,15,12,132,22,8,154,11,17,364,32,16,105,10,4,266,14,5,110,15,7,265,23,10,35,6,3,75,6,4
2022-02-14,1013,80,22,1019,93,41,96,18,3,119,22,7,356,27,10,339,31,14,276,13,3,253,13,5,216,20,2,239,21,10,69,3,4,69,6,4
2022-02-15,940,74,24,937,85,36,91,14,2,104,19,7,301,30,5,306,29,11,267,7,5,238,12,5,205,17,11,223,20,10,75,8,1,65,7,4
2022-02-16,934,73,28,883,79,33,89,12,5,94,17,6,317,27,9,294,27,10,249,10,3,225,12,4,218,21,9,207,18,9,60,3,2,62,6,4
2022-02-17,829,77,41,827,78,33,81,10,7,87,15,7,266,23,15,275,25,11,231,17,11,216,12,5,205,23,7,190,19,8,45,4,1,59,6,3
2022-02-18,663,61,35,782,71,32,71,15,4,79,14,6,214,13,13,260,22,11,148,8,8,203,11,5,174,20,7,183,18,8,56,6,3,57,5,3
2022-02-19,425,50,31,752,67,32,40,10,6,75,13,6,103,16,10,244,21,11,122,6,2,200,10,5,126,16,12,179,19,8,34,2,1,53,5,2
2022-02-20,380,38,16,741,65,28,44,11,3,73,13,4,114,14,8,239,21,10,118,4,0,202,9,5,73,7,4,174,18,7,31,3,1,53,4,2
2022-02-21,558,41,29,676,59,29,47,12,3,66,12,4,155,8,9,210,19,10,160,8,3,185,9,5,160,12,12,166,17,9,36,1,2,48,4,2
2022-02-22,684,55,12,639,56,27,66,11,2,63,12,4,218,20,4,198,17,10,192,2,2,174,8,4,153,13,4,158,16,8,54,9,0,45,4,1
2022-02-23,703,42,19,606,52,26,68,13,3,60,12,4,201,9,6,182,15,9,258,7,2,176,7,4,140,11,7,147,15,8,36,3,1,42,4,1
2022-02-24,657,43,18,581,47,23,77,12,4,59,12,4,175,8,6,169,13,8,204,9,3,172,6,3,161,12,3,141,13,7,40,3,2,41,4,1
2022-02-25,533,43,16,563,45,20,31,4,4,53,10,4,183,18,3,164,13,7,164,4,2,174,6,2,117,11,5,133,12,7,37,7,2,38,4,1
2022-02-26,337,31,6,550,42,17,32,5,0,52,10,3,105,9,1,164,12,5,108,6,1,172,6,2,69,10,4,125,11,6,22,2,0,37,4,1
2022-02-27,360,30,19,547,41,17,27,5,1,50,9,2,126,7,4,166,11,5,115,4,5,172,6,3,68,10,8,124,11,6,24,4,1,36,4,1
2022-02-28,703,52,6,568,42,14,58,9,3,51,8,2,197,15,1,172,12,4,245,9,1,184,6,2,154,17,1,123,12,5,49,2,0,37,4,1
